SiteID,Date,Band1_Mean,Band2_Mean,Band3_Mean,Band4_Mean,Band5_Mean,PH
Agri_Land,03-06-2015 00:00,0.12502411,0.10137371,0.07462012,0.053516366,0.0867346,6.77
Agri_Land,15-07-2015 00:00,0.17898403,0.15087485,0.111049704,0.08442232,0.13179597,6.6
Agri_Land,28-08-2015 00:00,0.20005108,0.16895752,0.120380655,0.087537244,0.13087416,6.85
Agri_Land,05-11-2015 00:00,0.12776667,0.1001231,0.06028182,0.040460937,0.036791723,6.66
Agri_Land,17-11-2015 00:00,0.21471663,0.17683136,0.1159746,0.09358085,0.091779836,6.69
Agri_Land,14-01-2016 00:00,0.26259395,0.22636694,0.16379826,0.15469787,0.21018103,6.53
Agri_Land,18-02-2016 00:00,0.21394359,0.17815277,0.12712575,0.112414375,0.17136958,6.4
Agri_Land,31-03-2016 00:00,0.5788901,0.5961375,0.5785338,0.60185087,0.5224663,6.29
Agri_Land,19-05-2016 00:00,0.11249313,0.08821848,0.058370035,0.03825469,0.03702284,6.55
Agri_Land,01-06-2016 00:00,0.15251262,0.12588406,0.09591593,0.06793985,0.10738099,6.47
Agri_Land,22-06-2016 00:00,0.10791677,0.08534041,0.056710027,0.03675652,0.037998382,6.57
Agri_Land,17-08-2016 00:00,0.13217075,0.106019616,0.07077653,0.049024347,0.083920576,6.66
Agri_Land,09-09-2016 00:00,0.09999707,0.07472975,0.044540092,0.02408691,0.018618306,6.7
Agri_Land,19-01-2017 00:00,0.39986852,0.38544804,0.3463317,0.35858658,0.4062059,6.4
Agri_Land,05-04-2017 00:00,0.34902602,0.34289876,0.32060307,0.30810574,0.22131889,6.42
Agri_Land,05-07-2017 00:00,0.11355532,0.0873442,0.05338159,0.031172749,0.033347126,6.79
Agri_Land,20-07-2017 00:00,0.19079575,0.15802401,0.10795518,0.08223388,0.104558125,6.69
Agri_Land,11-09-2017 00:00,0.11071153,0.08417664,0.052492734,0.030822156,0.030667044,6.75
Agri_Land,15-06-2018 00:00,0.09855894,0.074163355,0.04453718,0.024105828,0.022599395,6.4
Agri_Land,23-08-2018 00:00,0.117547765,0.09182818,0.058324315,0.03524296,0.04510095,6.59
Agri_Land,12-09-2018 00:00,0.10345081,0.07809769,0.045167614,0.024236552,0.019311521,6.57
Agri_Land,12-10-2018 00:00,0.16399838,0.13643712,0.09370183,0.075779356,0.10499313,6.62
Agri_Land,19-03-2019 00:00,0.32537493,0.30631906,0.26056758,0.2609415,0.28960013,6.58
Agri_Land,18-06-2019 00:00,0.11643271,0.093622714,0.064777054,0.045862626,0.044933867,6.73
Agri_Land,20-05-2016 00:00,0.110111497,0.084923126,0.054493718,0.03694094,0.037928343,5.83
Agri_Land,08-06-2017 00:00,0.100837864,0.07561107,0.045509506,0.028625133,0.027312662,6.02
Agri_Land,12-06-2017 00:00,0.100837864,0.07561107,0.045509506,0.028625133,0.027312662,5.84
Agri_Land,28-06-2017 00:00,0.115186058,0.086366266,0.0513114,0.03176932,0.046934195,5.656666667
Agri_Land,18-06-2015 00:00,0.134081736,0.11047595,0.08222352,0.065961756,0.128422767,6.2
Agri_Land,13-08-2015 00:00,0.111222215,0.084276788,0.049363177,0.029752197,0.028320722,6.07
Agri_Land,10-09-2015 00:00,0.128847077,0.100692146,0.065494701,0.043373685,0.053321593,6.13
Agri_Land,19-11-2015 00:00,0.215230674,0.181349725,0.114683375,0.096030518,0.108448707,6.1
Agri_Land,16-06-2016 00:00,0.09716735,0.071965218,0.040092781,0.022798844,0.018303581,5.93
Agri_Land,22-09-2016 00:00,0.127328485,0.097603559,0.058984343,0.037090383,0.06228983,5.73
Agri_Land,21-09-2017 00:00,0.117554687,0.090765901,0.056162309,0.036535859,0.057630632,6.24
Agri_Land,22-11-2017 00:00,0.188272223,0.158497438,0.11318446,0.09525045,0.134246066,5.93
Agri_Land,14-08-2018 00:00,0.12000373,0.09304262,0.060104579,0.038315821,0.05108843,6.21
Agri_Land,20-09-2018 00:00,0.111029178,0.083852343,0.048188273,0.029105037,0.027316764,6.02
Agri_Land,18-06-2019 00:00,0.104445361,0.078653939,0.048257329,0.031169385,0.043869365,6.14
Agri_Land,25-07-2019 00:00,0.160161942,0.130315542,0.088735208,0.062321395,0.103999726,6.16
Agri_Land,29-10-2019 00:00,0.223191559,0.193920746,0.134733543,0.119380102,0.144966245,6.33
Agri_Land,04-06-2015 00:00,0.121175624,0.097135209,0.071396194,0.054746881,0.076040007,5.765
Agri_Land,18-06-2015 00:00,0.114048198,0.088400856,0.058729351,0.042051911,0.058195271,5.008
Agri_Land,24-06-2015 00:00,0.114048198,0.088400856,0.058729351,0.042051911,0.058195271,5.248333333
Agri_Land,13-07-2015 00:00,0.202789858,0.17941758,0.13041307,0.113120869,0.158989102,5.215
Agri_Land,11-08-2015 00:00,0.111263692,0.084521785,0.050044242,0.03054353,0.029177913,5.056666667
Agri_Land,19-08-2015 00:00,0.111263692,0.084521785,0.050044242,0.03054353,0.029177913,5.032
Agri_Land,27-08-2015 00:00,0.197948873,0.167375937,0.12057247,0.089951076,0.137759268,5.16
Agri_Land,01-09-2015 00:00,0.197948873,0.167375937,0.12057247,0.089951076,0.137759268,5.182857143
Agri_Land,10-09-2015 00:00,0.154954955,0.127665415,0.089249209,0.067261763,0.113741346,5.035714286
Agri_Land,02-11-2015 00:00,0.126177669,0.096921563,0.056241736,0.037422396,0.031317625,5.043333333
Agri_Land,10-11-2015 00:00,0.125270799,0.09350156,0.052511688,0.032299597,0.020753292,5.026666667
Agri_Land,22-02-2016 00:00,0.291508138,0.278298438,0.243410885,0.23994334,0.236594006,4.917142857
Agri_Land,23-03-2016 00:00,0.467941195,0.475476652,0.454158813,0.468044043,0.419610173,5.045
Agri_Land,30-03-2016 00:00,0.467941195,0.475476652,0.454158813,0.468044043,0.419610173,5.053333333
Agri_Land,31-03-2016 00:00,0.467941195,0.475476652,0.454158813,0.468044043,0.419610173,5.148333333
Agri_Land,14-04-2016 00:00,0.190888956,0.170852214,0.134029508,0.123445712,0.140929818,5.0
Agri_Land,21-04-2016 00:00,0.190888956,0.170852214,0.134029508,0.123445712,0.140929818,5.142857143
Agri_Land,26-05-2016 00:00,0.122162789,0.095120758,0.062053051,0.039063334,0.05227967,5.083333333
Agri_Land,02-06-2016 00:00,0.122162789,0.095120758,0.062053051,0.039063334,0.05227967,5.164285714
Agri_Land,21-06-2016 00:00,0.101935655,0.077566475,0.050032295,0.033633582,0.046686698,5.528
Agri_Land,13-07-2016 00:00,0.144956723,0.118053757,0.081608787,0.062957205,0.09045393,4.965714286
Agri_Land,17-08-2016 00:00,0.15561454,0.132421568,0.084776051,0.067863837,0.113320746,4.677142857
Agri_Land,31-08-2016 00:00,0.105144411,0.078764133,0.044758167,0.026490046,0.025841061,4.787142857
Agri_Land,08-09-2016 00:00,0.097517312,0.071143515,0.039887115,0.023161918,0.017791271,4.867142857
Agri_Land,19-09-2016 00:00,0.123924613,0.095153622,0.056356404,0.036371931,0.036388196,4.757142857
Agri_Land,29-09-2016 00:00,0.099646628,0.072565794,0.040108241,0.023096189,0.016904727,4.95
Agri_Land,09-01-2017 00:00,0.261829197,0.227601409,0.163027987,0.153874084,0.206479833,5.185
Agri_Land,10-01-2017 00:00,0.261829197,0.227601409,0.163027987,0.153874084,0.206479833,4.445
Agri_Land,15-02-2017 00:00,0.201156244,0.167418331,0.118595056,0.103632472,0.19751066,4.974285714
Agri_Land,01-03-2017 00:00,0.174921364,0.144576222,0.104628332,0.091432326,0.200608388,4.98
Agri_Land,08-03-2017 00:00,0.174921364,0.144576222,0.104628332,0.091432326,0.200608388,5.96
Agri_Land,30-03-2017 00:00,0.197190031,0.167290911,0.124850571,0.106844477,0.171264634,5.072857143
Agri_Land,06-04-2017 00:00,0.272899061,0.26172775,0.240525156,0.233734936,0.212826505,5.115714286
Agri_Land,18-04-2017 00:00,0.142740771,0.121012844,0.089201555,0.075772874,0.057367176,5.2
Agri_Land,26-06-2017 00:00,0.113608114,0.087397471,0.056404635,0.040330827,0.042217787,5.155714286
Agri_Land,04-07-2017 00:00,0.131341428,0.102049768,0.062768728,0.042023148,0.060827207,5.356666667
Agri_Land,17-07-2017 00:00,0.167273223,0.131962925,0.083731063,0.057386059,0.083592065,5.228333333
Agri_Land,10-08-2017 00:00,0.154896334,0.124690033,0.087595589,0.064682849,0.099539496,5.226666667
Agri_Land,24-08-2017 00:00,0.155070424,0.126908585,0.089936532,0.062764563,0.14276512,5.361428571
Agri_Land,03-10-2017 00:00,0.152118832,0.119914927,0.077169254,0.058109216,0.065602735,5.163333333
Agri_Land,09-11-2017 00:00,0.186016813,0.154871672,0.095730901,0.077312671,0.099702701,5.183333333
Agri_Land,22-11-2017 00:00,0.195569083,0.166221961,0.123136282,0.104223907,0.160478249,5.263333333
Agri_Land,18-12-2017 00:00,0.264265597,0.227932721,0.170849189,0.153991848,0.192479476,5.226666667
Agri_Land,14-02-2018 00:00,0.293001801,0.272631913,0.228998378,0.22775805,0.301355571,5.248571429
Agri_Land,26-02-2018 00:00,0.270551503,0.245409727,0.182995707,0.174008816,0.193579465,5.151666667
Agri_Land,15-03-2018 00:00,0.556737065,0.566268265,0.530780554,0.57165277,0.631809652,5.235714286
Agri_Land,26-03-2018 00:00,0.544251382,0.552107096,0.526421905,0.566705346,0.602033138,5.28
Agri_Land,09-04-2018 00:00,0.21708478,0.186194777,0.142365381,0.12977758,0.190931827,5.341428571
Agri_Land,12-06-2018 00:00,0.097842783,0.07257203,0.042839296,0.026785892,0.024777533,5.585714286
Agri_Land,25-07-2018 00:00,0.112903573,0.085124388,0.052698359,0.032850169,0.070291691,5.083333333
Agri_Land,22-08-2018 00:00,0.118001521,0.091341741,0.056800358,0.036286745,0.046893932,5.188571429
Agri_Land,29-08-2018 00:00,0.105603971,0.078719251,0.046272751,0.028824186,0.027157823,5.072857143
Agri_Land,11-09-2018 00:00,0.102253549,0.075948603,0.042064734,0.024386983,0.02037647,5.148571429
Agri_Land,26-09-2018 00:00,0.11014884,0.08298067,0.047383379,0.028482694,0.026718842,5.05
Agri_Land,11-10-2018 00:00,0.155640155,0.127035454,0.081281602,0.066817023,0.10097754,4.942857143
Agri_Land,16-10-2018 00:00,0.180163205,0.147450835,0.104705192,0.091470517,0.131674066,5.08
Agri_Land,03-01-2019 00:00,0.255669087,0.228340298,0.175179794,0.163756922,0.191979468,5.068333333
Agri_Land,15-03-2019 00:00,0.296315193,0.27594167,0.230376229,0.22460705,0.246504605,5.37
Agri_Land,08-04-2019 00:00,0.541881621,0.555265248,0.534204006,0.570029557,0.586004138,5.155
Agri_Land,10-04-2019 00:00,0.490870625,0.500642776,0.492193788,0.502633572,0.457978517,5.201666667
Agri_Land,16-04-2019 00:00,0.490870625,0.500642776,0.492193788,0.502633572,0.457978517,5.265714286
Agri_Land,07-05-2019 00:00,0.135880977,0.109695107,0.073185816,0.057462238,0.064434126,5.375714286
Agri_Land,04-06-2019 00:00,0.102948301,0.07743635,0.04542179,0.027262177,0.023428539,5.358571429
Agri_Land,11-06-2019 00:00,0.102948301,0.07743635,0.04542179,0.027262177,0.023428539,5.331666667
Agri_Land,25-06-2019 00:00,0.103574619,0.078180999,0.046408292,0.028188623,0.027636498,5.301666667
Agri_Land,05-07-2019 00:00,0.103165157,0.077252299,0.044142704,0.026079983,0.025939139,5.365714286
Agri_Land,16-07-2019 00:00,0.124303468,0.096895419,0.064945266,0.045249075,0.067151509,5.301666667
Agri_Land,31-07-2019 00:00,0.10854844,0.081894942,0.050670762,0.031777669,0.039421003,5.795
Agri_Land,13-08-2019 00:00,0.156168327,0.125995025,0.084548831,0.05911614,0.124959663,6.16
Agri_Land,17-09-2019 00:00,0.189042166,0.160354599,0.124470666,0.104483128,0.16531156,5.6425
Agri_Land,23-10-2019 00:00,0.115033858,0.085560642,0.048356205,0.029939424,0.02133299,5.023333333
Agri_Land,29-10-2019 00:00,0.238366276,0.207374364,0.151592046,0.134311512,0.147924066,5.01
Agri_Land,03-12-2019 00:00,0.160669208,0.130648255,0.083753794,0.067361668,0.078762837,5.093333333
Agri_Land,07-01-2020 00:00,0.277165949,0.237378612,0.167462945,0.155058101,0.198170871,5.136666667
Agri_Land,26-02-2020 00:00,0.389796168,0.381375849,0.353435159,0.364914715,0.404293448,5.228333333
Agri_Land,11-03-2020 00:00,0.334768385,0.347293973,0.349551022,0.344277501,0.207620203,5.203333333
Agri_Land,29-03-2021 00:00,0.289129764,0.284573376,0.265001744,0.248058692,0.170895338,5.26
Agri_Land,06-05-2021 00:00,0.180548832,0.155954421,0.106284685,0.094367176,0.144941762,5.345
Agri_Land,28-06-2021 00:00,0.179237112,0.14946875,0.102806643,0.083981715,0.121676371,5.146666667
Agri_Land,22-07-2021 00:00,0.116415255,0.089331172,0.056149017,0.037980504,0.038771488,5.233333333
Agri_Land,27-08-2021 00:00,0.125315785,0.09721221,0.06005514,0.038860675,0.062939472,5.303333333
Agri_Land,01-06-2015 00:00,0.133745804,0.108918384,0.082172304,0.064149261,0.109301157,6.388
Agri_Land,19-06-2015 00:00,0.111247361,0.086052477,0.056626625,0.039995421,0.061258789,6.448
Agri_Land,23-06-2015 00:00,0.111247361,0.086052477,0.056626625,0.039995421,0.061258789,6.394
Agri_Land,03-07-2015 00:00,0.159145579,0.133732617,0.101052172,0.075387053,0.118436992,6.426666667
Agri_Land,23-07-2015 00:00,0.12816605,0.097405747,0.059364315,0.039109096,0.032286819,6.678
Agri_Land,26-08-2015 00:00,0.104600511,0.078233168,0.046493955,0.028243572,0.025784034,6.531666667
Agri_Land,04-09-2015 00:00,0.152665004,0.122366071,0.084772043,0.059034914,0.086729087,6.576666667
Agri_Land,19-09-2015 00:00,0.214025199,0.184308261,0.136435986,0.116940834,0.159062415,6.86
Agri_Land,20-09-2015 00:00,0.214025199,0.184308261,0.136435986,0.116940834,0.159062415,6.885
Agri_Land,21-09-2015 00:00,0.214025199,0.184308261,0.136435986,0.116940834,0.159062415,6.87
Agri_Land,22-09-2015 00:00,0.214025199,0.184308261,0.136435986,0.116940834,0.159062415,6.89
Agri_Land,23-09-2015 00:00,0.214025199,0.184308261,0.136435986,0.116940834,0.159062415,6.88
Agri_Land,24-09-2015 00:00,0.214025199,0.184308261,0.136435986,0.116940834,0.159062415,6.91
Agri_Land,25-09-2015 00:00,0.214025199,0.184308261,0.136435986,0.116940834,0.159062415,6.9
Agri_Land,26-09-2015 00:00,0.214025199,0.184308261,0.136435986,0.116940834,0.159062415,7.11
Agri_Land,27-09-2015 00:00,0.214025199,0.184308261,0.136435986,0.116940834,0.159062415,6.9
Agri_Land,28-09-2015 00:00,0.214025199,0.184308261,0.136435986,0.116940834,0.159062415,6.86
Agri_Land,21-10-2015 00:00,0.155718967,0.118827954,0.070222266,0.048293408,0.051021822,6.78
Agri_Land,22-10-2015 00:00,0.155718967,0.118827954,0.070222266,0.048293408,0.051021822,6.74
Agri_Land,23-10-2015 00:00,0.155718967,0.118827954,0.070222266,0.048293408,0.051021822,6.745
Agri_Land,24-10-2015 00:00,0.155718967,0.118827954,0.070222266,0.048293408,0.051021822,6.77
Agri_Land,25-10-2015 00:00,0.155718967,0.118827954,0.070222266,0.048293408,0.051021822,6.73
Agri_Land,26-10-2015 00:00,0.155718967,0.118827954,0.070222266,0.048293408,0.051021822,6.72
Agri_Land,27-10-2015 00:00,0.155718967,0.118827954,0.070222266,0.048293408,0.051021822,6.76
Agri_Land,28-10-2015 00:00,0.155718967,0.118827954,0.070222266,0.048293408,0.051021822,6.685
Agri_Land,29-10-2015 00:00,0.155718967,0.118827954,0.070222266,0.048293408,0.051021822,6.49
Agri_Land,30-10-2015 00:00,0.155718967,0.118827954,0.070222266,0.048293408,0.051021822,6.193333333
Agri_Land,09-11-2015 00:00,0.128512591,0.096982509,0.055690251,0.035074387,0.022905614,6.61
Agri_Land,10-11-2015 00:00,0.128512591,0.096982509,0.055690251,0.035074387,0.022905614,6.63
Agri_Land,11-11-2015 00:00,0.128512591,0.096982509,0.055690251,0.035074387,0.022905614,6.61
Agri_Land,12-11-2015 00:00,0.128512591,0.096982509,0.055690251,0.035074387,0.022905614,6.56
Agri_Land,13-11-2015 00:00,0.128512591,0.096982509,0.055690251,0.035074387,0.022905614,6.173333333
Agri_Land,14-11-2015 00:00,0.128512591,0.096982509,0.055690251,0.035074387,0.022905614,6.53
Agri_Land,15-11-2015 00:00,0.128512591,0.096982509,0.055690251,0.035074387,0.022905614,6.53
Agri_Land,11-01-2016 00:00,0.277822137,0.245463893,0.177165046,0.172108769,0.233369812,5.716
Agri_Land,27-01-2016 00:00,0.2339724,0.196333796,0.137123317,0.120974317,0.162954345,5.916
Agri_Land,15-03-2016 00:00,0.262931973,0.239182442,0.194864616,0.187648118,0.194897115,5.763333333
Agri_Land,17-03-2016 00:00,0.262931973,0.239182442,0.194864616,0.187648118,0.194897115,5.66
Agri_Land,22-03-2016 00:00,0.262931973,0.239182442,0.194864616,0.187648118,0.194897115,5.764
Agri_Land,17-05-2016 00:00,0.109803803,0.084532559,0.054534089,0.037211031,0.034496292,6.068333333
Agri_Land,04-07-2016 00:00,0.190380082,0.156053424,0.111620277,0.089795172,0.138315201,6.51
Agri_Land,23-08-2016 00:00,0.179991126,0.160415545,0.101047955,0.08834219,0.13882345,6.143333333
Agri_Land,12-09-2016 00:00,0.098602392,0.07234285,0.040905438,0.023426542,0.01625606,6.48
Agri_Land,21-09-2016 00:00,0.100452296,0.07350079,0.040951267,0.02328576,0.015563326,6.148333333
Agri_Land,28-09-2016 00:00,0.100452296,0.07350079,0.040951267,0.02328576,0.015563326,6.381666667
Agri_Land,28-11-2016 00:00,0.184707493,0.159697697,0.121338636,0.110465884,0.130555063,6.142
Agri_Land,12-01-2017 00:00,0.357167602,0.338879287,0.297208697,0.302690953,0.344774365,5.814
Agri_Land,14-02-2017 00:00,0.230056852,0.194426268,0.138892338,0.123721339,0.177855074,5.956666667
Agri_Land,08-03-2017 00:00,0.193243742,0.161295354,0.117050596,0.104267024,0.176922917,5.758
Agri_Land,07-04-2017 00:00,0.325661033,0.316588312,0.293484598,0.287523985,0.245783865,5.595
Agri_Land,19-05-2017 00:00,0.14100267,0.110948533,0.074091442,0.053127315,0.055945672,6.212
Agri_Land,07-06-2017 00:00,0.101666592,0.076347925,0.046943981,0.029898621,0.026396343,6.292
Agri_Land,13-06-2017 00:00,0.101666592,0.076347925,0.046943981,0.029898621,0.026396343,6.466
Agri_Land,27-06-2017 00:00,0.186197236,0.15301615,0.110324427,0.087341979,0.149565428,6.85
Agri_Land,09-08-2017 00:00,0.182999507,0.156489834,0.112937845,0.091247372,0.192611814,6.272
Agri_Land,28-08-2017 00:00,0.121632636,0.093048647,0.05805473,0.037556045,0.043591216,6.21
Agri_Land,12-09-2017 00:00,0.111620806,0.083944544,0.050468538,0.03163442,0.030953875,6.334
Agri_Land,17-10-2017 00:00,0.219435856,0.192030519,0.154497698,0.141661346,0.158103138,6.346666667
Agri_Land,19-12-2017 00:00,0.238743186,0.204621971,0.149902537,0.13560468,0.167272687,6.18
Agri_Land,27-03-2018 00:00,0.610043228,0.623031199,0.597446263,0.645443201,0.667262793,6.166666667
Agri_Land,10-04-2018 00:00,0.223269463,0.194781169,0.150918916,0.140697733,0.180203199,6.096
Agri_Land,11-06-2018 00:00,0.099140711,0.073913939,0.044007584,0.027544349,0.024814287,6.448
Agri_Land,25-07-2018 00:00,0.113797501,0.086289331,0.052959751,0.033842597,0.040975176,6.002
Agri_Land,30-08-2018 00:00,0.103053764,0.076216921,0.043887746,0.026130935,0.021470502,6.182
Agri_Land,13-09-2018 00:00,0.1805536,0.150944948,0.109753877,0.086087115,0.113925688,6.272
Agri_Land,01-10-2018 00:00,0.201521561,0.174622774,0.139635175,0.124832891,0.180502638,6.182
Agri_Land,18-10-2018 00:00,0.144124866,0.109653592,0.064898469,0.04465076,0.037615575,6.08
Agri_Land,05-12-2018 00:00,0.207386643,0.168368071,0.111730106,0.09140037,0.14070712,5.926
Agri_Land,10-04-2019 00:00,0.430630833,0.434479743,0.418806672,0.418964446,0.376479626,5.876666667
Agri_Land,27-06-2019 00:00,0.126384392,0.099774115,0.068211012,0.052205846,0.066379718,6.438333333
Agri_Land,24-10-2019 00:00,0.1158292,0.0866298,0.049931746,0.03169613,0.0234369,6.212
Agri_Land,10-01-2020 00:00,0.262540966,0.220266998,0.149330094,0.131690055,0.163735703,6.172
Agri_Land,25-02-2020 00:00,0.416373521,0.410478175,0.382980704,0.398759067,0.419605017,6.343333333
Agri_Land,21-05-2021 00:00,0.144029319,0.11923454,0.088939302,0.0715608,0.100587547,6.47
Agri_Land,08-07-2021 00:00,0.142767891,0.11416018,0.079299927,0.057112746,0.08230713,6.234
Agri_Land,20-08-2021 00:00,0.141023591,0.113324896,0.079751223,0.059143104,0.093537606,6.6
Agri_Land,15-12-2021 00:00,0.214156091,0.176316157,0.117827043,0.098533973,0.111450806,6.324
Agri_Land,22-06-2015 00:00,0.144205377,0.119617566,0.094001941,0.074340045,0.141917452,5.55
Agri_Land,02-07-2015 00:00,0.180902123,0.155819505,0.121206708,0.092226595,0.158530489,5.326666667
Agri_Land,14-07-2015 00:00,0.167942762,0.137781098,0.098208435,0.072480999,0.10975837,5.315
Agri_Land,17-08-2015 00:00,0.112218782,0.085204549,0.05180933,0.030000361,0.029953554,5.7
Agri_Land,31-08-2015 00:00,0.186095178,0.154225796,0.10774295,0.076139882,0.090240814,5.52
Agri_Land,09-09-2015 00:00,0.137548611,0.108832076,0.073066756,0.046954338,0.058849391,5.153333333
Agri_Land,15-09-2015 00:00,0.120011508,0.093087502,0.058948129,0.037128281,0.044260457,5.373333333
Agri_Land,01-10-2015 00:00,0.185726136,0.161057264,0.128059059,0.110235304,0.165410966,5.515
Agri_Land,14-10-2015 00:00,0.166221395,0.131943941,0.082362533,0.062205389,0.071928717,5.49
Agri_Land,03-11-2015 00:00,0.127019346,0.099678867,0.062803239,0.044124905,0.054972928,5.04
Agri_Land,13-11-2015 00:00,0.124778867,0.093778864,0.053865466,0.031262979,0.022450821,5.21
Agri_Land,01-02-2016 00:00,0.219513044,0.184031412,0.132095635,0.115749218,0.21360527,5.016666667
Agri_Land,17-02-2016 00:00,0.188922957,0.155445099,0.111133598,0.094460979,0.204644606,4.955
Agri_Land,30-03-2016 00:00,0.47623387,0.482759953,0.463742107,0.475734562,0.450350195,4.77
Agri_Land,31-03-2016 00:00,0.47623387,0.482759953,0.463742107,0.475734562,0.450350195,4.906666667
Agri_Land,22-04-2016 00:00,0.304890186,0.292791337,0.292918593,0.27404061,0.192445233,5.035
Agri_Land,31-05-2016 00:00,0.139873549,0.11281722,0.079115734,0.052933298,0.078439884,5.09
Agri_Land,14-06-2016 00:00,0.099376202,0.075053565,0.044912353,0.024187898,0.019878367,5.275
Agri_Land,28-06-2016 00:00,0.101779148,0.076831199,0.045829576,0.025052825,0.020800116,5.34
Agri_Land,26-07-2016 00:00,0.110244505,0.084260307,0.053274516,0.032254267,0.045025952,5.6
Agri_Land,17-08-2016 00:00,0.138071686,0.112616107,0.075383492,0.054300614,0.091765337,4.753333333
Agri_Land,22-08-2016 00:00,0.138071686,0.112616107,0.075383492,0.054300614,0.091765337,5.26
Agri_Land,29-08-2016 00:00,0.108417124,0.081716105,0.047890019,0.026544917,0.022501184,6.145
Agri_Land,31-08-2016 00:00,0.108417124,0.081716105,0.047890019,0.026544917,0.022501184,4.815
Agri_Land,14-09-2016 00:00,0.123296998,0.094645686,0.058142517,0.037195768,0.056721758,5.875
Agri_Land,20-09-2016 00:00,0.123296998,0.094645686,0.058142517,0.037195768,0.056721758,5.273333333
Agri_Land,30-09-2016 00:00,0.134667203,0.105385557,0.067473538,0.046861131,0.068036713,6.03
Agri_Land,03-11-2016 00:00,0.18864657,0.167332783,0.128208727,0.11773885,0.183328316,5.076666667
Agri_Land,01-12-2016 00:00,0.228025451,0.198196962,0.153452694,0.137406662,0.164901495,4.9775
Agri_Land,13-01-2017 00:00,0.268956363,0.234056413,0.170779109,0.160679817,0.221998096,4.72
Agri_Land,17-02-2017 00:00,0.197583079,0.163729906,0.116927683,0.099178843,0.212304905,5.113333333
Agri_Land,11-04-2017 00:00,0.233708635,0.222765744,0.199332774,0.188337997,0.121766634,4.996666667
Agri_Land,23-05-2017 00:00,0.18104513,0.149389729,0.11194104,0.088428944,0.120115943,5.29
Agri_Land,12-06-2017 00:00,0.09939985,0.074613005,0.045432039,0.026302036,0.023627112,5.466666667
Agri_Land,26-06-2017 00:00,0.110202551,0.085031062,0.055324778,0.037179489,0.04317382,5.203333333
Agri_Land,05-07-2017 00:00,0.109746568,0.082240239,0.048351582,0.027543388,0.022891428,5.19
Agri_Land,13-07-2017 00:00,0.170442045,0.13947092,0.095709115,0.07628087,0.141497999,5.256666667
Agri_Land,18-07-2017 00:00,0.180336446,0.143984064,0.098568238,0.068818107,0.180822268,5.236666667
Agri_Land,24-07-2017 00:00,0.180336446,0.143984064,0.098568238,0.068818107,0.180822268,5.376666667
Agri_Land,15-08-2017 00:00,0.159768254,0.13049978,0.094558366,0.070530228,0.1353717,5.425
Agri_Land,24-08-2017 00:00,0.158740491,0.131437331,0.094246306,0.069903784,0.105039075,5.565
Agri_Land,13-12-2017 00:00,0.251478702,0.215799361,0.16381757,0.149287969,0.198046446,4.995
Agri_Land,13-02-2018 00:00,0.271190166,0.24875465,0.208240211,0.202659979,0.298699796,5.1825
Agri_Land,21-03-2018 00:00,0.169056103,0.13967891,0.101793595,0.084331371,0.211397871,5.4375
Agri_Land,06-04-2018 00:00,0.298511386,0.278155923,0.237338766,0.233652398,0.27853018,5.14
Agri_Land,14-06-2018 00:00,0.104861833,0.081400603,0.053581949,0.035609763,0.035149533,5.733333333
Agri_Land,27-07-2018 00:00,0.12225499,0.095134221,0.062058583,0.04162439,0.087198868,5.29
Agri_Land,21-08-2018 00:00,0.117011949,0.090404786,0.056948449,0.034433283,0.041246552,6.26
Agri_Land,27-08-2018 00:00,0.117011949,0.090404786,0.056948449,0.034433283,0.041246552,5.375
Agri_Land,12-09-2018 00:00,0.103583284,0.077332623,0.044674177,0.024280164,0.019508781,5.4
Agri_Land,03-10-2018 00:00,0.205726385,0.180432558,0.147386521,0.132187709,0.183597684,5.333333333
Agri_Land,09-10-2018 00:00,0.160697892,0.131608248,0.089714296,0.072801866,0.145243078,5.35
Agri_Land,15-10-2018 00:00,0.160697892,0.131608248,0.089714296,0.072801866,0.145243078,5.1525
Agri_Land,15-11-2018 00:00,0.247348532,0.219619721,0.172988117,0.159737259,0.186116219,5.28
Agri_Land,03-12-2018 00:00,0.231566653,0.202429116,0.158118665,0.145501927,0.215491787,5.22
Agri_Land,11-04-2019 00:00,0.432305932,0.437408835,0.425959885,0.423679799,0.397874266,5.143333333
Agri_Land,12-06-2019 00:00,0.102606311,0.077806771,0.047519792,0.02741655,0.022222774,5.373333333
Agri_Land,27-06-2019 00:00,0.102029838,0.076700687,0.046078779,0.025918666,0.023387451,5.26
Agri_Land,03-07-2019 00:00,0.121447742,0.09502852,0.063266747,0.044770647,0.050848614,5.376666667
Agri_Land,23-07-2019 00:00,0.157456204,0.127694309,0.089333273,0.063606612,0.122897834,7.25
Agri_Land,06-08-2019 00:00,0.135070145,0.105483495,0.067700185,0.043536615,0.050687168,6.1
Agri_Land,09-09-2019 00:00,0.175756469,0.147534445,0.109937191,0.088227004,0.128777802,6.15
Agri_Land,30-10-2019 00:00,0.186090574,0.158313468,0.10155721,0.083998598,0.114777319,5.156666667
Agri_Land,05-12-2019 00:00,0.145042986,0.113023333,0.068415627,0.048370317,0.07504493,5.42
Agri_Land,15-01-2020 00:00,0.252671748,0.222095072,0.170941904,0.160290912,0.233227894,5.266666667
Agri_Land,21-02-2020 00:00,0.374981076,0.364987165,0.336923301,0.343564063,0.393003494,5.393333333
Agri_Land,04-03-2020 00:00,0.21813713,0.186492041,0.142041311,0.124369361,0.20172824,5.2425
Agri_Land,27-05-2021 00:00,0.109045342,0.084657736,0.054480758,0.035090942,0.046629392,5.59
Agri_Land,25-06-2021 00:00,0.141319856,0.111584261,0.073730335,0.050682947,0.074334331,6.09
Agri_Land,16-07-2021 00:00,0.179105595,0.150598899,0.10940627,0.084664501,0.130513594,5.376666667
Agri_Land,06-08-2021 00:00,0.129154041,0.101609372,0.069024123,0.044944461,0.061897621,5.28
Agri_Land,13-08-2021 00:00,0.111609064,0.0843587,0.051284164,0.030516706,0.055184539,5.485
Agri_Land,02-09-2021 00:00,0.117943197,0.090322576,0.054878503,0.032471832,0.030160291,5.4
Agri_Land,16-09-2021 00:00,0.109126806,0.081891328,0.047260102,0.026383955,0.019759785,5.415
Agri_Land,03-06-2015 00:00,0.124838948,0.100054093,0.072414517,0.053775553,0.092112564,6.13
Agri_Land,15-07-2015 00:00,0.167870626,0.139556617,0.099127516,0.075746842,0.112695031,6.5025
Agri_Land,28-08-2015 00:00,0.203028396,0.171624169,0.121457152,0.089044727,0.122060515,6.63
Agri_Land,05-11-2015 00:00,0.121734224,0.093854666,0.05517533,0.036830802,0.032809507,6.062
Agri_Land,17-11-2015 00:00,0.199309096,0.165222839,0.102944024,0.083826855,0.090219468,6.046
Agri_Land,14-01-2016 00:00,0.283229828,0.24772653,0.181709841,0.176333398,0.199900746,5.636
Agri_Land,18-02-2016 00:00,0.206650585,0.172558963,0.124597721,0.110057473,0.189360604,5.598
Agri_Land,31-03-2016 00:00,0.462564766,0.466154128,0.441299707,0.451872826,0.417624682,5.484
Agri_Land,19-05-2016 00:00,0.109785005,0.084614024,0.054488976,0.03651759,0.036363248,5.858
Agri_Land,01-06-2016 00:00,0.132439762,0.105446868,0.070970282,0.04686686,0.059336815,5.944
Agri_Land,22-06-2016 00:00,0.104217522,0.080652863,0.051889095,0.035110056,0.036372591,6.4525
Agri_Land,21-07-2016 00:00,0.143885091,0.116949819,0.081703156,0.061619531,0.0802368,6.566666667
Agri_Land,17-08-2016 00:00,0.150085405,0.126283184,0.091983341,0.071964838,0.155256256,5.816666667
Agri_Land,09-09-2016 00:00,0.098506019,0.072723478,0.0421727,0.023483925,0.01855278,6.055
Agri_Land,19-01-2017 00:00,0.381581306,0.365071356,0.325167149,0.334433258,0.390623897,5.621666667
Agri_Land,05-07-2017 00:00,0.112281114,0.08496359,0.049898848,0.029996241,0.039216384,5.97
Agri_Land,20-07-2017 00:00,0.16226308,0.126651376,0.077801488,0.050872479,0.04667348,5.992
Agri_Land,11-09-2017 00:00,0.109683923,0.082499951,0.04988708,0.030637551,0.031676438,6.114
Agri_Land,15-06-2018 00:00,0.097787566,0.072852187,0.043167807,0.025949799,0.024682451,5.986
Agri_Land,23-08-2018 00:00,0.116480723,0.090301484,0.056568686,0.03520551,0.045756932,6.425
Agri_Land,12-09-2018 00:00,0.102094673,0.076254405,0.043155931,0.024110055,0.019891202,6.42
Agri_Land,12-10-2018 00:00,0.16002886,0.131591201,0.088629663,0.072814152,0.10132616,5.966
Agri_Land,19-03-2019 00:00,0.437834382,0.43170315,0.390761644,0.408562511,0.45791468,5.606666667
Agri_Land,18-06-2019 00:00,0.114132158,0.090547487,0.061434358,0.045802306,0.044776838,5.98
Agri_Land,24-07-2019 00:00,0.154639333,0.125863582,0.087751463,0.061197508,0.13345325,6.525
Agri_Land,11-09-2019 00:00,0.163500696,0.136341348,0.098996721,0.078337215,0.112097703,6.686666667
Agri_Land,18-10-2019 00:00,0.156834528,0.127699971,0.085229114,0.069236197,0.108569942,6.066
Agri_Land,23-02-2016,0.13121,0.11055612,0.086363696,0.077063575,0.12516128,7.77
Agri_Land,15-03-2016,0.13520168,0.10921469,0.0791059,0.06905765,0.12073371,7.51
Agri_Land,12-04-2016,0.115328826,0.096159585,0.07830838,0.067267075,0.13006723,7.9
Agri_Land,07-06-2016,0.12741686,0.10938741,0.09219014,0.07981767,0.10543942,8.92
Agri_Land,09-08-2016,0.12523322,0.104457684,0.08188677,0.06771752,0.092102036,8.83
Agri_Land,11-10-2016,0.09592191,0.07427315,0.051980875,0.03626318,0.02967693,7.01
Agri_Land,13-12-2016,0.18754506,0.16340417,0.12946782,0.117527924,0.17002271,7.31
Agri_Land,18-04-2017,0.12036553,0.097158805,0.07063426,0.056993473,0.07871653,7.55
Agri_Land,09-05-2017,0.09963126,0.08088485,0.06305035,0.0508924,0.035900578,7.72
Agri_Land,06-06-2017,0.09641145,0.07655493,0.056882855,0.043375723,0.03902022,8.27
Agri_Land,11-07-2017,0.09435895,0.07340867,0.05243467,0.03826836,0.03620197,9.08
Agri_Land,08-08-2017,0.10705306,0.085063055,0.062445093,0.04571351,0.054066245,8.61
Agri_Land,12-09-2017,0.1135879,0.09092103,0.06701207,0.048803214,0.067821294,8.22
Agri_Land,10-10-2017,0.118599586,0.09341907,0.06532633,0.048892118,0.06727975,7.82
Agri_Land,12-12-2017,0.16220754,0.13538058,0.09952081,0.084800206,0.1634407,6.71
Agri_Land,13-02-2018,0.13872224,0.11663841,0.09201822,0.078881696,0.098925695,7.67
Agri_Land,08-05-2018,0.098124154,0.07917651,0.060832184,0.04616824,0.035359953,6.33
Agri_Land,05-06-2018,0.1120075,0.0933741,0.0765647,0.060841754,0.06290674,8.14
Agri_Land,10-07-2018,0.0935142,0.073891185,0.0581039,0.039739467,0.0407494,9.13
Agri_Land,07-08-2018,0.11815037,0.095833056,0.072048895,0.055165555,0.059174046,8.74
Agri_Land,11-09-2018,0.15617749,0.13533948,0.109824695,0.09796656,0.14980142,8.16
Agri_Land,16-10-2018,0.09858547,0.077017196,0.05382157,0.039274495,0.027410707,7.0
Agri_Land,13-11-2018,0.1754984,0.15278612,0.12257278,0.11117264,0.15653755,6.93
Agri_Land,12-03-2019,0.3090914,0.29699343,0.27087164,0.27688542,0.29494128,7.42
Agri_Land,07-05-2019,0.10344294,0.084716424,0.0660926,0.05334497,0.04677005,7.46
Agri_Land,09-07-2019,0.10222084,0.08103182,0.05955796,0.042061716,0.06254843,9.88
Agri_Land,05-11-2019,0.11002474,0.08850692,0.06554991,0.050015617,0.035716098,7.55
Agri_Land,11-02-2020,0.13513246,0.111353494,0.08488204,0.07160876,0.12919231,7.66
Agri_Land,17-05-2020,0.766315,0.7548311,0.70129013,0.72679824,0.75151503,8.04
Agri_Land,04-08-2020,0.095996864,0.07498239,0.05603802,0.03844966,0.039089456,8.97
Agri_Land,02-09-2020,0.09474576,0.0747323,0.058303434,0.041005403,0.04332643,9.02
Agri_Land,06-10-2020,0.12344102,0.10049149,0.075612634,0.057342835,0.06288508,8.06
Agri_Land,17-11-2020,0.12307467,0.09815589,0.06989991,0.05554536,0.112677306,7.81
Agri_Land,08-12-2020,0.12263459,0.09670653,0.06578746,0.050850067,0.084179394,7.82
Agri_Land,13-04-2021,0.10528758,0.08766978,0.07041748,0.061425254,0.04777907,7.665761
Agri_Land,12-05-2021,0.12339438,0.10139832,0.074941725,0.06273112,0.076270096,7.983997
Agri_Land,07-06-2016,0.114046238,0.09467274,0.074243329,0.060875934,0.066796415,8.24
Agri_Land,09-08-2016,0.098577067,0.07656879,0.051487196,0.035375934,0.031450041,7.9
Agri_Land,26-09-2016,0.122204438,0.094177015,0.059845895,0.04597909,0.066456258,7.58
Agri_Land,10-10-2016,0.095861569,0.073537804,0.049702033,0.033318356,0.026867311,8.05
Agri_Land,16-03-2016,0.180556327,0.154385373,0.115588956,0.106073953,0.141473889,7.763333333
Agri_Land,13-04-2016,0.108272135,0.08903335,0.067727923,0.052705303,0.028592607,7.693333333
Agri_Land,10-08-2016,0.105479799,0.085237294,0.072092541,0.04572181,0.038242996,7.823333333
Agri_Land,06-09-2016,0.103796661,0.08104597,0.055926528,0.036403384,0.030354476,7.846666667
Agri_Land,08-11-2016,0.114478298,0.088593997,0.055222064,0.035003558,0.021417294,7.293333333
Agri_Land,16-05-2017,0.101047315,0.080825925,0.059443992,0.043730341,0.025599927,7.51
Agri_Land,10-07-2017,0.097251765,0.076514192,0.058227215,0.037227031,0.018872298,7.743333333
Agri_Land,07-08-2017,0.122578017,0.101363838,0.082293823,0.058712542,0.051596139,8.045
Agri_Land,11-09-2017,0.122182637,0.101286598,0.090116389,0.060584761,0.056484949,9.73
Agri_Land,10-10-2017,0.134048447,0.109082617,0.075976968,0.065176576,0.071770482,6.64
Agri_Land,12-05-2018,0.099181287,0.078765303,0.053663846,0.033745259,0.019032894,7.346666667
Agri_Land,09-06-2018,0.107757904,0.086841702,0.063073762,0.043407749,0.029957887,6.02
Agri_Land,11-08-2018,0.158686459,0.137669712,0.119767137,0.088930257,0.07711111,8.02
Agri_Land,17-09-2018,0.148751587,0.127656072,0.103805445,0.086838238,0.094948873,7.586666667
Agri_Land,13-10-2018,0.103997625,0.080340587,0.051269498,0.032779802,0.017301425,7.34
Agri_Land,08-06-2019,0.099856623,0.078223363,0.053821746,0.034430712,0.018037939,7.041877333
Agri_Land,21-03-2020,0.169233948,0.142574966,0.103008047,0.089113899,0.09360119,7.407633
Agri_Land,16-05-2020,0.177513689,0.153342545,0.120454907,0.110350445,0.137555212,7.274385667
Agri_Land,09-06-2020,0.186054558,0.164937764,0.130554169,0.116560727,0.137027934,7.567312333
Agri_Land,05-08-2020,0.102154657,0.082012877,0.066329792,0.0409353,0.030967711,7.600082667
Agri_Land,16-09-2020,0.136652052,0.11773777,0.101694115,0.073454998,0.087287627,7.738899667
Agri_Land,06-12-2020,0.127282649,0.099306881,0.061460886,0.042203683,0.032571379,7.140002333
Agri_Land,14-04-2021,0.111433871,0.094465248,0.073786713,0.053494982,0.02398569,7.624712
Agri_Land,11-05-2021,0.108525455,0.087708071,0.064851016,0.046101447,0.03995977,8.325187
Agri_Land,14-12-2021,0.136204302,0.105466917,0.062718041,0.043497365,0.0395656,7.139019333
Agri_Land,13-04-2016,0.102744281,0.082552925,0.059798449,0.044736542,0.023348631,7.79
Agri_Land,07-09-2016,0.103192188,0.08047998,0.052204188,0.035120729,0.0250501,7.466666667
Agri_Land,11-10-2016,0.099005908,0.076590925,0.049977969,0.030316446,0.01729906,7.353333333
Agri_Land,08-11-2016,0.113328531,0.089117624,0.057862174,0.037872326,0.022109438,7.743333333
Agri_Land,16-05-2017,0.099085398,0.079564333,0.05914668,0.043999132,0.023797682,7.51
Agri_Land,10-07-2017,0.097881727,0.077275492,0.055289712,0.037795398,0.021511743,7.756666667
Agri_Land,07-08-2017,0.116530634,0.095583759,0.074880511,0.051687807,0.042623434,9.2
Agri_Land,11-09-2017,0.118163757,0.09702982,0.078091465,0.051886007,0.055653073,9.52
Agri_Land,10-10-2017,0.125776455,0.098822549,0.063872047,0.045917209,0.050234411,7.713333333
Agri_Land,11-08-2018,0.145674601,0.123914458,0.098469526,0.071422912,0.057592709,8.57
Agri_Land,17-09-2018,0.12557447,0.104254484,0.079008378,0.060903698,0.062127177,7.213333333
Agri_Land,13-10-2018,0.102960207,0.080921032,0.053764079,0.03485642,0.017326759,7.66
Agri_Land,08-06-2019,0.102769613,0.082942277,0.061559178,0.043212846,0.022935506,7.411899667
Agri_Land,05-10-2019,0.102138743,0.0790876,0.051209662,0.032239906,0.01962786,7.606228
Agri_Land,21-03-2020,0.158627719,0.132059082,0.092181854,0.08180248,0.106728472,7.912349333
Agri_Land,16-05-2020,0.133539379,0.111748219,0.085753664,0.067061052,0.055312447,7.414494667
Agri_Land,09-06-2020,0.159193113,0.135087088,0.102535553,0.084816933,0.086750619,7.821291333
Agri_Land,05-08-2020,0.100483686,0.08124537,0.068854429,0.040588573,0.0281014,7.594325
Agri_Land,16-09-2020,0.133303627,0.112365343,0.087725691,0.065472558,0.064915717,7.528081333
Agri_Land,06-12-2020,0.126014844,0.099682689,0.063815638,0.044209272,0.032079864,7.515151667
Agri_Land,14-04-2021,0.110378407,0.09423811,0.076351002,0.06000562,0.024126798,7.598217
Agri_Land,11-05-2021,0.106394067,0.085154071,0.060544081,0.041458413,0.03305022,7.992933
Agri_Land,14-12-2021,0.1662976,0.137794092,0.09440846,0.079089008,0.081484444,7.310077
Agri_Land,16-03-2016,0.15234068,0.12226861,0.08153978,0.060246281,0.135444522,7.83
Agri_Land,13-04-2016,0.112361982,0.089773916,0.063101128,0.041808631,0.076539032,7.87
Agri_Land,11-05-2016,0.121735573,0.103429966,0.086165681,0.063967995,0.065140799,8.04
Agri_Land,08-06-2016,0.139055133,0.117893279,0.09583652,0.074212961,0.092653066,8.23
Agri_Land,13-07-2016,0.115386672,0.095254615,0.074135974,0.054811854,0.0604176,8.29
Agri_Land,10-08-2016,0.116348796,0.094122529,0.070506513,0.052866243,0.066056699,8.31
Agri_Land,14-09-2016,0.105529882,0.081884794,0.055166721,0.038300663,0.063381992,8.19
Agri_Land,14-12-2016,0.174080178,0.143285468,0.097833015,0.077235289,0.131434441,7.96
Agri_Land,15-03-2017,0.196223766,0.170556754,0.128305867,0.112735875,0.180151761,7.97
Agri_Land,19-04-2017,0.137554601,0.115328617,0.089012392,0.066427797,0.080580562,8.03
Agri_Land,11-10-2017,0.136710912,0.107215986,0.068319775,0.046393529,0.125685513,8.69
Agri_Land,14-12-2017,0.132000074,0.100205891,0.055416845,0.033091363,0.053983916,8.08
Agri_Land,14-03-2018,0.109991729,0.083824456,0.052815218,0.033488657,0.072282828,7.32
Agri_Land,11-04-2018,0.201812029,0.171100095,0.129429057,0.112728715,0.179891467,7.33
Agri_Land,09-05-2018,0.112163574,0.090834044,0.064457998,0.042589214,0.041654468,7.82
Agri_Land,14-11-2018,0.122170419,0.092891857,0.054102045,0.03279788,0.08574228,8.29
Agri_Land,13-03-2019,0.13149862,0.107187949,0.078508779,0.060650196,0.126406536,8.08
Agri_Land,05-06-2019,0.125352293,0.105921037,0.085606791,0.063258037,0.070424356,8.08
Agri_Land,07-08-2019,0.119710259,0.097597495,0.073595136,0.0549904,0.065850809,8.52
Agri_Land,09-10-2019,0.104972273,0.078851044,0.048585583,0.029675104,0.078973942,8.22
Agri_Land,18-03-2020,0.154293135,0.125915542,0.082187928,0.064767756,0.175298721,8.12
Agri_Land,06-05-2020,0.12126258,0.100014269,0.076370001,0.057390098,0.07807079,8.22
Agri_Land,20-05-2020,0.173972577,0.143789068,0.107534952,0.085102245,0.15933229,7.92
Agri_Land,24-06-2020,0.119121619,0.099223293,0.078359097,0.059011802,0.068380162,8.21
Agri_Land,08-07-2020,0.147409111,0.115459353,0.083198324,0.059919689,0.19930245,8.2
Agri_Land,22-07-2020,0.124949463,0.102362335,0.077651978,0.059080802,0.081053503,8.3
Agri_Land,05-08-2020,0.121815547,0.098344877,0.072635286,0.053892519,0.07951764,8.29
Agri_Land,19-08-2020,0.181505308,0.156194463,0.119828574,0.090951152,0.215799749,8.25
Agri_Land,09-09-2020,0.176896289,0.152859047,0.11806044,0.092482567,0.197232842,8.13
Agri_Land,23-09-2020,0.113396972,0.085605457,0.053196412,0.033278968,0.088123396,8.46
Agri_Land,09-12-2020,0.135207444,0.102181844,0.056543097,0.033054199,0.065991335,8.23
Agri_Land,14-04-2021,0.111220017,0.088155113,0.058394589,0.038025908,0.044447888,8.03
Agri_Land,14-07-2021,0.118763492,0.097812161,0.076265045,0.058640335,0.068240203,8.3
Agri_Land,11-08-2021,0.269115418,0.251377523,0.208633646,0.175352797,0.243131131,8.2
Agri_Land,15-09-2021,0.151080251,0.123623602,0.088957995,0.062982202,0.174516097,8.46
Agri_Land,13-10-2021,0.126630053,0.095336281,0.058102943,0.035972152,0.094893813,8.17
Agri_Land,09-11-2021,0.204422921,0.176324517,0.129460514,0.116430536,0.172207683,7.85
Agri_Land,08-12-2021,0.124424823,0.093292564,0.050466601,0.029212475,0.053133689,8.09
Agri_Land,24-02-2016,0.139875203,0.118197285,0.089018516,0.076811209,0.089459062,8.8
Agri_Land,13-04-2016,0.111835584,0.091890395,0.070942,0.054986462,0.070883259,8.87
Agri_Land,10-08-2016,0.110465206,0.088776253,0.066837661,0.051686015,0.114612602,8.7
Agri_Land,12-10-2016,0.104077727,0.079725757,0.050325599,0.034395054,0.050257213,8.65
Agri_Land,14-12-2016,0.114458784,0.088615201,0.054472066,0.039031472,0.046347439,8.73
Agri_Land,19-04-2017,0.138118029,0.113513909,0.081917293,0.064918935,0.07376346,8.84
Agri_Land,07-06-2017,0.111785054,0.092387833,0.073557131,0.06047973,0.081377812,8.63
Agri_Land,12-07-2017,0.104265787,0.083744563,0.062088706,0.04699146,0.089520037,8.5
Agri_Land,09-08-2017,0.131118044,0.108492836,0.082099088,0.064964034,0.118941501,8.59
Agri_Land,13-09-2017,0.124561548,0.102170229,0.077784888,0.059590448,0.103414863,8.59
Agri_Land,11-10-2017,0.150196224,0.121619374,0.086097971,0.067281015,0.095650211,8.55
Agri_Land,13-12-2017,0.142647222,0.112519801,0.068675123,0.048792034,0.044082399,8.55
Agri_Land,09-05-2018,0.10604316,0.085614622,0.063983724,0.047495924,0.071497008,8.94
Agri_Land,06-06-2018,0.110071577,0.089366965,0.066376552,0.049149185,0.067523867,8.74
Agri_Land,11-07-2018,0.112487555,0.091344163,0.068732783,0.050642565,0.103930846,8.75
Agri_Land,08-08-2018,0.10562145,0.083277427,0.058427755,0.042489689,0.090345256,8.95
Agri_Land,12-09-2018,0.175720513,0.155565888,0.125467107,0.114817381,0.154341176,9.03
Agri_Land,10-10-2018,0.104160145,0.079013832,0.047570687,0.031424392,0.03811989,9.01
Agri_Land,14-11-2018,0.129848152,0.102288432,0.064355113,0.048070453,0.048068956,8.64
Agri_Land,05-12-2018,0.182626963,0.149298847,0.10068541,0.085263178,0.090342201,8.59
Agri_Land,08-05-2019,0.109083749,0.089273192,0.071308874,0.053061225,0.082491443,8.61
Agri_Land,10-07-2019,0.1053859,0.084515691,0.064020261,0.048078123,0.094545253,8.66
Agri_Land,11-09-2019,0.105261981,0.082350008,0.057657588,0.040923223,0.078186639,8.63
Agri_Land,06-11-2019,0.112451337,0.085636973,0.051082753,0.033967301,0.034777515,8.63
Agri_Land,15-04-2020,0.114074141,0.094258264,0.068001598,0.055208594,0.057619143,8.92
Agri_Land,05-08-2020,0.102886207,0.080639921,0.059915137,0.043547399,0.136405483,8.74
Agri_Land,07-10-2020,0.165519863,0.141538367,0.106890015,0.088733792,0.115874983,8.7
Agri_Land,18-11-2020,0.127342224,0.098194949,0.058620229,0.039951261,0.036762364,8.66
Agri_Land,09-12-2020,0.125184491,0.094741672,0.053063352,0.034370434,0.028068632,8.66
Agri_Land,12-05-2021,0.114626512,0.095039278,0.075235099,0.055964209,0.101954021,8.63
Agri_Land,07-07-2021,0.14949964,0.128308386,0.100758165,0.083260357,0.132688612,8.7
Agri_Land,10-11-2021,0.117935926,0.089561939,0.052575741,0.034975227,0.036817204,8.44
Agri_Land,16-03-2016,0.152155697,0.121939845,0.080505416,0.058831297,0.146093324,8.0
Agri_Land,13-04-2016,0.108812265,0.085178621,0.056481898,0.036084674,0.078214668,8.0
Agri_Land,11-05-2016,0.121084064,0.102605589,0.084903896,0.062903658,0.064066052,7.92
Agri_Land,08-06-2016,0.139095366,0.117839798,0.095661104,0.074234121,0.092895806,8.12
Agri_Land,13-07-2016,0.115637966,0.09553346,0.074576251,0.05549987,0.060788643,8.17
Agri_Land,10-08-2016,0.116378017,0.094143808,0.070422478,0.05279379,0.065920122,8.31
Agri_Land,14-09-2016,0.106455795,0.082852393,0.056049537,0.039266583,0.061868954,8.12
Agri_Land,19-04-2017,0.137003928,0.11435508,0.087375313,0.064692214,0.080661573,8.07
Agri_Land,12-07-2017,0.118278161,0.098241918,0.077625103,0.058015477,0.064835407,8.05
Agri_Land,13-09-2017,0.17159234,0.143139705,0.105342582,0.078361794,0.197342083,8.22
Agri_Land,11-10-2017,0.137105688,0.108101942,0.067061797,0.046354428,0.121232294,8.39
Agri_Land,14-03-2018,0.11024306,0.084297627,0.053348992,0.033699051,0.061968856,7.4
Agri_Land,09-05-2018,0.111610696,0.090200551,0.063925616,0.041881286,0.042023651,7.98
Agri_Land,13-03-2019,0.13452819,0.110044882,0.08102531,0.062271357,0.121032745,8.06
Agri_Land,05-06-2019,0.125439882,0.105951689,0.085618466,0.063639231,0.071005829,8.01
Agri_Land,07-08-2019,0.11967472,0.097546376,0.073438846,0.055023987,0.066208929,8.29
Agri_Land,11-09-2019,0.112905279,0.088939376,0.061963674,0.043810386,0.07232558,8.3
Agri_Land,09-10-2019,0.106272615,0.080135003,0.04962381,0.03079096,0.075975724,8.26
Agri_Land,18-03-2020,0.15146625,0.123021603,0.079358347,0.061321918,0.175117105,8.09
Agri_Land,06-05-2020,0.121653847,0.100562036,0.077012368,0.058219183,0.077734552,8.17
Agri_Land,20-05-2020,0.173324063,0.143503875,0.107630782,0.085115969,0.152829915,7.9
Agri_Land,24-06-2020,0.119771823,0.100008667,0.079262137,0.060119174,0.068759747,8.02
Agri_Land,22-07-2020,0.124861278,0.102278709,0.077559471,0.05901254,0.081684344,8.23
Agri_Land,05-08-2020,0.12233489,0.098901875,0.073111042,0.054476846,0.080263563,8.38
Agri_Land,19-08-2020,0.184974059,0.159911454,0.123301439,0.094266526,0.214936018,8.24
Agri_Land,09-09-2020,0.176613003,0.152187705,0.117140956,0.091562472,0.193417117,7.98
Agri_Land,23-09-2020,0.114441194,0.086705357,0.054447718,0.034258004,0.090325408,8.16
Agri_Land,14-04-2021,0.110710084,0.087485403,0.057629243,0.037292961,0.045499485,8.03
Agri_Land,14-07-2021,0.11963959,0.098842412,0.077622898,0.060219582,0.069651388,8.18
Agri_Land,11-08-2021,0.271838337,0.254817188,0.212585911,0.179703563,0.238141254,8.15
Agri_Land,15-09-2021,0.150999352,0.123544365,0.088899381,0.063158505,0.167374447,8.33
Agri_Land,13-10-2021,0.127228782,0.095816888,0.058087729,0.036020525,0.088682681,8.08
Agri_Land,13-04-2016,0.126541823,0.105355784,0.081765331,0.061413404,0.069439083,8.03
Agri_Land,11-05-2016,0.119084366,0.100724541,0.083039232,0.065989599,0.070445299,8.26
Agri_Land,08-06-2016,0.126404107,0.107382789,0.087551206,0.070832752,0.094250113,8.1
Agri_Land,13-07-2016,0.117662206,0.099155597,0.082024738,0.065731034,0.07939066,7.31
Agri_Land,10-08-2016,0.125403568,0.105377853,0.085368685,0.066499375,0.085550785,8.12
Agri_Land,14-09-2016,0.107342586,0.08508911,0.061042212,0.045267012,0.064773619,8.21
Agri_Land,12-10-2016,0.129910305,0.107250251,0.079176784,0.063236192,0.122708201,8.2
Agri_Land,14-12-2016,0.1621584,0.129707038,0.083260581,0.06069034,0.103477463,8.25
Agri_Land,19-04-2017,0.125778869,0.099070951,0.065975837,0.045335047,0.06818375,8.23
Agri_Land,07-06-2017,0.131958559,0.113667659,0.09268292,0.074014299,0.097863026,7.85
Agri_Land,12-07-2017,0.124845713,0.107450977,0.089090474,0.071279965,0.074771754,7.93
Agri_Land,09-08-2017,0.179993078,0.155561104,0.119675554,0.094433948,0.183911562,8.08
Agri_Land,13-09-2017,0.147591576,0.12223386,0.089038201,0.066397503,0.138086423,8.16
Agri_Land,11-10-2017,0.135822505,0.105079457,0.066384591,0.044729356,0.084409393,8.21
Agri_Land,15-11-2017,0.184504464,0.157202274,0.12157084,0.103724793,0.167512834,7.98
Agri_Land,13-12-2017,0.141055241,0.109585054,0.064871602,0.042228214,0.060671646,8.23
Agri_Land,14-03-2018,0.108930334,0.08328221,0.053033769,0.03556066,0.050036889,7.54
Agri_Land,09-05-2018,0.123537421,0.102856196,0.082787439,0.064998001,0.075821124,8.36
Agri_Land,06-06-2018,0.124514401,0.10630814,0.087264843,0.069586731,0.08032579,7.73
Agri_Land,11-07-2018,0.124284998,0.106007218,0.087674759,0.071701117,0.079195641,8.19
Agri_Land,08-08-2018,0.123806462,0.105704181,0.085604466,0.070674323,0.078757934,8.35
Agri_Land,12-09-2018,0.165343985,0.141635299,0.11014545,0.092730887,0.188620359,8.15
Agri_Land,10-10-2018,0.10876593,0.08224538,0.049301006,0.030830001,0.05412681,8.41
Agri_Land,14-11-2018,0.191622511,0.163788781,0.122530319,0.104362413,0.164849371,8.07
Agri_Land,05-12-2018,0.181694299,0.147652134,0.098495074,0.077768289,0.143853202,7.85
Agri_Land,13-03-2019,0.127557755,0.102863193,0.073674731,0.055867948,0.086374618,8.09
Agri_Land,08-05-2019,0.120831743,0.102152131,0.081938483,0.062107071,0.066835813,7.9
Agri_Land,05-06-2019,0.126624465,0.107682481,0.089994073,0.072008431,0.083621264,8.13
Agri_Land,10-07-2019,0.124948055,0.106928781,0.089378379,0.071254201,0.085625365,8.02
Agri_Land,07-08-2019,0.12174774,0.102727972,0.084697098,0.067137673,0.08109273,8.11
Agri_Land,11-09-2019,0.119665131,0.096886702,0.070562214,0.053216822,0.078236103,7.95
Agri_Land,09-10-2019,0.14451392,0.117994159,0.086993106,0.068949059,0.135717407,8.18
Agri_Land,06-11-2019,0.115357138,0.087175764,0.050807662,0.030801885,0.055272777,8.09
Agri_Land,15-04-2020,0.147119582,0.124868818,0.098854028,0.081942208,0.107877657,8.05
Agri_Land,06-05-2020,0.120380223,0.099812321,0.078038611,0.062392984,0.077713653,7.79
Agri_Land,10-06-2020,0.146066979,0.11846333,0.084447235,0.062196624,0.09665405,7.88
Agri_Land,08-07-2020,0.126859844,0.108080849,0.0906903,0.075350612,0.09381374,7.96
Agri_Land,05-08-2020,0.148176759,0.125892743,0.099319786,0.079408668,0.119904153,7.87
Agri_Land,07-10-2020,0.259134114,0.249204606,0.21641551,0.193662375,0.234386802,7.94
Agri_Land,18-11-2020,0.128239036,0.097979859,0.057119295,0.035434108,0.059315283,7.97
Agri_Land,09-12-2020,0.143519595,0.109986693,0.064154789,0.041423012,0.067050025,7.87
Agri_Land,14-04-2021,0.121922322,0.099297643,0.076750934,0.060644787,0.066714488,7.63
Agri_Land,12-05-2021,0.121668503,0.101224132,0.080152676,0.063918777,0.082758747,7.7
Agri_Land,07-07-2021,0.125259176,0.10600768,0.087139018,0.070497215,0.098135166,7.96
Agri_Land,11-08-2021,0.259287953,0.240546778,0.200228512,0.17046611,0.245229751,7.89
Agri_Land,15-09-2021,0.206010744,0.183000833,0.144902289,0.11554423,0.200653464,7.89
Agri_Land,13-10-2021,0.1193799,0.089762449,0.054213252,0.033935111,0.068972543,8.0
Agri_Land,10-11-2021,0.133992851,0.102274925,0.060269255,0.038312543,0.068206303,7.73
Agri_Land,08-12-2021,0.129311293,0.097379982,0.053720348,0.032113507,0.043844521,7.85
Agri_Land,16-03-2016,0.201940894,0.17226477,0.130034134,0.11644958,0.163881481,8.39
Agri_Land,13-04-2016,0.11813581,0.097721405,0.076418318,0.058693644,0.062282104,8.25
Agri_Land,11-05-2016,0.109264471,0.090661727,0.073112883,0.058101978,0.068452254,8.36
Agri_Land,08-06-2016,0.112184778,0.090784967,0.068290539,0.052837279,0.080850564,8.44
Agri_Land,13-07-2016,0.106049486,0.086238243,0.066890657,0.051941566,0.070165187,8.49
Agri_Land,10-08-2016,0.108721986,0.086758807,0.063525632,0.047103714,0.071869381,8.5
Agri_Land,14-09-2016,0.09875498,0.07630872,0.052399889,0.037486255,0.055421013,8.41
Agri_Land,12-10-2016,0.10033644,0.075525016,0.045568805,0.028420242,0.058142249,8.53
Agri_Land,16-11-2016,0.174320444,0.141341165,0.097261727,0.080795877,0.102907673,8.47
Agri_Land,14-12-2016,0.184625208,0.156241864,0.114521153,0.098132923,0.136670023,8.37
Agri_Land,15-03-2017,0.192073628,0.166567236,0.132606968,0.118161179,0.146870881,8.43
Agri_Land,19-04-2017,0.171600327,0.144956201,0.10703826,0.090397619,0.118376315,8.55
Agri_Land,10-05-2017,0.185390756,0.157810241,0.124999762,0.111641407,0.160007104,8.2
Agri_Land,07-06-2017,0.12696588,0.107777014,0.088382818,0.073718257,0.098079465,8.2
Agri_Land,12-07-2017,0.106746562,0.085921079,0.064962402,0.048677407,0.061565552,8.38
Agri_Land,09-08-2017,0.138857156,0.114644602,0.084763236,0.065553479,0.101537794,8.59
Agri_Land,13-09-2017,0.127495244,0.103134662,0.074516393,0.055281613,0.092815995,8.53
Agri_Land,11-10-2017,0.204696998,0.17993252,0.133949697,0.123391114,0.149145961,8.49
Agri_Land,15-11-2017,0.175362781,0.151064977,0.116276138,0.104305476,0.145046264,8.5
Agri_Land,13-12-2017,0.140494198,0.109865211,0.066362955,0.045892093,0.062196247,8.43
Agri_Land,14-03-2018,0.120567456,0.095145181,0.065333225,0.049153544,0.080168843,8.09
Agri_Land,11-04-2018,0.166044265,0.13702929,0.097256064,0.082441457,0.122358091,8.16
Agri_Land,09-05-2018,0.106424958,0.085126281,0.061417349,0.043712988,0.050627828,8.52
Agri_Land,06-06-2018,0.113414966,0.092223071,0.069570839,0.052124351,0.074034683,8.18
Agri_Land,11-07-2018,0.103339374,0.081682086,0.06007551,0.043050062,0.063273519,8.61
Agri_Land,08-08-2018,0.103198677,0.08063776,0.056120098,0.040357132,0.060478091,8.67
Agri_Land,12-09-2018,0.151216775,0.128478363,0.09637256,0.08345104,0.143494219,8.79
Agri_Land,10-10-2018,0.101804234,0.076485015,0.045888569,0.028272189,0.05568241,8.96
Agri_Land,14-11-2018,0.122058049,0.093802996,0.056343667,0.037549648,0.056363784,8.39
Agri_Land,05-12-2018,0.195776105,0.165399656,0.118643798,0.104420438,0.146358505,8.5
Agri_Land,13-03-2019,0.150547668,0.125541762,0.095176496,0.080019616,0.115453571,8.29
Agri_Land,08-05-2019,0.110280789,0.090819918,0.070886821,0.053063497,0.060402159,8.13
Agri_Land,05-06-2019,0.119426489,0.099595651,0.079926543,0.063545972,0.081273668,8.27
Agri_Land,10-07-2019,0.105049059,0.083498508,0.061612334,0.044037875,0.063375935,8.53
Agri_Land,07-08-2019,0.105230436,0.08323776,0.060156707,0.044210549,0.065282308,8.63
Agri_Land,11-09-2019,0.113571413,0.089951903,0.062526286,0.046092078,0.075996391,8.5
Agri_Land,09-10-2019,0.105874628,0.080493018,0.052289799,0.034715749,0.077927634,8.37
Agri_Land,06-11-2019,0.109917529,0.083015069,0.048940636,0.03058463,0.050235346,8.49
Agri_Land,15-04-2020,0.145946562,0.123730488,0.09429983,0.08108218,0.133971155,8.33
Agri_Land,06-05-2020,0.140026376,0.119596869,0.097239189,0.081929266,0.121665947,8.38
Agri_Land,10-06-2020,0.121442638,0.095389515,0.064864762,0.044421922,0.066886492,8.54
Agri_Land,08-07-2020,0.113019049,0.092922062,0.073683895,0.05698327,0.08090616,8.59
Agri_Land,05-08-2020,0.108511351,0.086041182,0.061305884,0.043484513,0.064823799,8.41
Agri_Land,07-10-2020,0.158648476,0.132770061,0.09731926,0.074382871,0.13309744,8.71
Agri_Land,18-11-2020,0.129490912,0.099514969,0.059877194,0.039407112,0.061026018,8.33
Agri_Land,09-12-2020,0.191884115,0.160735562,0.113275692,0.098709553,0.123358339,8.38
Agri_Land,14-04-2021,0.111413546,0.090469122,0.065223098,0.0484199,0.0474688,8.16
Agri_Land,12-05-2021,0.110718183,0.090049237,0.066974416,0.048720874,0.064591728,8.33
Agri_Land,07-07-2021,0.128171876,0.105607212,0.079758614,0.060400493,0.095035382,8.51
Agri_Land,11-08-2021,0.19501774,0.169210538,0.131256804,0.104971357,0.18313098,8.49
Agri_Land,15-09-2021,0.129069149,0.103192762,0.072955675,0.05263567,0.102267988,8.47
Agri_Land,13-10-2021,0.108280353,0.081063911,0.049613226,0.0314399,0.056517243,8.42
Agri_Land,10-11-2021,0.145738557,0.115239553,0.072686762,0.054520525,0.079420976,8.63
Agri_Land,08-12-2021,0.128169283,0.09703809,0.05434081,0.034138892,0.043240033,8.55
