SiteID,Date,Band1_Mean,Band2_Mean,Band3_Mean,Band4_Mean,Band5_Mean,Band6_Mean,Band7_Mean,Band8_Mean,Band9_Mean,Band10_Mean,Band11_Mean,Band12_Mean,Band13_Mean,TP
Agri_Land_TP,09-09-2016 00:00,1076.723423,741.3189283,500.1892826,268.5998271,248.6802074,305.3535004,317.207433,269.6689715,255.8833189,139.3820225,8.512532411,75.99740709,31.53586863,0.036
Agri_Land_TP,05-07-2017 00:00,1129.10687,858.9465649,631.870229,396.351145,346.9541985,435.9465649,457.8931298,424.9007634,376.7099237,148.2290076,7.305343511,172.0381679,93.61832061,0.042
Agri_Land_TP,05-10-2017 00:00,1202.319392,826.169962,541.0361217,324.8224335,288.3996198,295.6144487,292.6935361,273.6212928,256.1874525,125.3498099,8.341064639,141.838403,99.90228137,0.0395
Agri_Land_TP,25-04-2018 00:00,4185.522459,4540.732634,4334.038246,4247.28071,4000.196592,3570.890623,3183.781246,2919.376147,2750.141427,1202.909806,22.19826046,278.0550459,192.9693792,0.035
Agri_Land_TP,17-05-2018 00:00,1072.97268,754.4423699,506.4458455,303.8828807,284.7880698,291.6702231,291.6375687,255.8126414,259.3039929,156.1726479,12.76600388,154.8005173,97.78782735,0.041
Agri_Land_TP,15-06-2018 00:00,1045.249135,781.4532872,555.9619377,344.6228374,314.2456747,367.0588235,390.0138408,373.1591696,327.5155709,256.2941176,9.432525952,175.349481,109.8131488,0.88
Agri_Land_TP,11-02-2019 00:00,4264.881706,5471.563961,5211.13205,5689.690509,4771.365887,5023.643741,5072.881706,5995.050894,5104.114168,2452.284732,31.59422283,853.1416781,816.96011,0.041
Agri_Land_TP,19-03-2019 00:00,5274.843701,5877.049815,5620.545335,5975.013706,5761.64602,5772.374275,5555.265156,5626.126252,5340.658672,3297.471798,113.825514,611.9185556,576.8500264,0.036
Agri_Land_TP,18-05-2018 00:00,1107.761346,788.4968701,537.0449922,365.2410016,353.5070423,377.4953052,375.7018779,334.463615,335.8106416,175.7609546,8.926447574,197.4722222,131.6514085,0.165333333
Agri_Land_TP,22-09-2016 00:00,1080.855856,713.1303936,444.3371266,243.4274538,220.8643907,244.3966335,249.1306306,206.4167852,204.4663348,115.8036984,7.08131816,72.63489806,40.58724514,0.037
Agri_Land_TP,21-09-2017 00:00,1129.37602,779.2538865,500.2443646,292.4165371,268.2385348,302.0432375,318.2299845,254.0826856,260.9193548,68.63690245,6.108239409,83.75796735,36.12475709,0.052
Agri_Land_TP,19-06-2018 00:00,979.0480816,681.7945605,439.306338,267.2402865,245.0998057,279.6047839,294.5728509,257.1940262,238.2956532,121.307188,7.147158815,111.8873239,71.64120932,0.068
Agri_Land_TP,14-08-2018 00:00,965.2500525,647.2008188,396.6020365,212.8762335,186.9100357,221.221919,239.3970187,190.7629645,183.1967248,67.33791728,5.847155154,59.75288684,26.64549654,0.04
Agri_Land_TP,20-09-2018 00:00,1103.188417,740.5173745,474.5833977,272.3891892,254.5416988,298.6664093,302.6532819,258.2528958,261.1459459,106.3606178,12.62200772,81.30888031,42.60810811,0.043
Agri_Land_TP,18-09-2019 00:00,1106.118923,744.7552356,482.7548616,279.1798803,261.1082648,315.7481301,321.5731114,268.2608452,265.3799551,87.38182498,8.871353777,81.02786088,35.22419596,0.05
Agri_Land_TP,31-08-2016 00:00,1053.688797,729.8818781,459.6408567,262.3365733,247.4855025,295.8604613,294.9039539,253.9846787,238.9598023,110.8795717,9.250741351,57.40411862,27.35024712,0.215571429
Agri_Land_TP,08-09-2016 00:00,1053.688797,729.8818781,459.6408567,262.3365733,247.4855025,295.8604613,294.9039539,253.9846787,238.9598023,110.8795717,9.250741351,57.40411862,27.35024712,0.246142857
Agri_Land_TP,04-07-2017 00:00,1107.259307,780.5160462,526.2875481,339.8267009,312.8780488,381.0436457,398.6893453,331.5378691,330.7650834,93.27214377,7.111681643,123.8780488,76.41206675,0.186666667
Agri_Land_TP,10-07-2017 00:00,1107.259307,780.5160462,526.2875481,339.8267009,312.8780488,381.0436457,398.6893453,331.5378691,330.7650834,93.27214377,7.111681643,123.8780488,76.41206675,0.154833333
Agri_Land_TP,18-12-2017 00:00,4133.889629,4464.582846,4140.084002,4759.734539,4612.642789,4693.390377,4538.721354,4712.546282,4383.497214,2541.277423,75.28353949,661.7257034,611.4473291,0.100333333
Agri_Land_TP,26-03-2018 00:00,5877.819229,6530.525139,6244.900257,6970.746124,6890.833833,7036.579315,6912.589379,6865.858844,6753.440471,3324.591606,46.06372591,494.4199572,412.1451392,0.161571429
Agri_Land_TP,20-04-2018 00:00,4058.54487,4519.588428,4375.118779,4469.549546,4224.237367,3949.722711,3652.38833,3485.018812,3293.785601,1431.503035,22.27387072,346.5225856,246.0702723,0.110142857
Agri_Land_TP,24-04-2018 00:00,4058.54487,4519.588428,4375.118779,4469.549546,4224.237367,3949.722711,3652.38833,3485.018812,3293.785601,1431.503035,22.27387072,346.5225856,246.0702723,0.089857143
Agri_Land_TP,15-05-2018 00:00,1066.645833,749.4935897,495.4599359,336.0659965,322.9441045,329.9453671,326.4576049,288.5156857,294.7179487,162.1828866,16.79113248,178.0247669,124.5654138,0.176428571
Agri_Land_TP,12-06-2018 00:00,990.4151953,682.3437667,444.806046,275.5898876,260.7771536,300.2570894,310.859283,271.5537721,259.6246656,142.2637774,9.730069556,111.2217764,74.67629749,0.304571429
Agri_Land_TP,29-08-2018 00:00,1040.0523,713.4916565,453.0392755,265.2610908,241.9729345,275.0789581,283.52849,246.3854294,233.1438746,114.0527066,7.914936915,80.1994302,47.31400081,0.257
Agri_Land_TP,26-09-2018 00:00,1064.936765,736.7670499,456.1451529,264.8688268,246.7044683,276.1754638,275.8474001,238.4455187,231.9325843,103.8991377,7.80820486,71.61588712,36.71426705,0.241285714
Agri_Land_TP,16-04-2019 00:00,3970.038804,4341.692733,4217.792938,4211.500494,3959.491732,3706.877923,3393.348771,3150.934515,3058.583767,1220.148758,36.56156532,264.1201001,180.2492259,0.086285714
Agri_Land_TP,04-06-2019 00:00,1007.950333,697.5743849,465.1416418,287.8365141,279.1085307,312.8588181,313.3030582,271.6068062,270.5088526,120.2568407,7.042768453,127.5357553,86.39917222,0.154
Agri_Land_TP,11-06-2019 00:00,1007.950333,697.5743849,465.1416418,287.8365141,279.1085307,312.8588181,313.3030582,271.6068062,270.5088526,120.2568407,7.042768453,127.5357553,86.39917222,0.1725
Agri_Land_TP,31-07-2019 00:00,1293.222222,1071.583333,820.0,617.3333333,506.7222222,646.6111111,685.4444444,882.5555556,574.3333333,250.0555556,17.66666667,270.1388889,137.25,0.249
Agri_Land_TP,17-09-2019 00:00,1081.998283,751.6716469,476.3614975,278.9927872,262.974927,306.7619784,310.2388803,262.3999657,258.3123819,89.26360982,9.17087412,76.09359437,36.71732784,0.241
Agri_Land_TP,23-10-2019 00:00,1204.99462,864.9206787,562.1921644,385.2241689,371.7765209,380.7656228,377.5195199,351.5119327,353.618706,225.1774038,79.37315492,198.9152987,138.2185129,0.173833333
Agri_Land_TP,11-03-2020 00:00,5516.418238,6367.669735,6111.387403,6764.876808,6490.357299,6684.357446,6595.834429,6772.729797,6454.658337,3523.756247,59.88411515,655.1848604,588.9228409,0.098666667
Agri_Land_TP,27-08-2021 00:00,1154.0,886.5,719.5,514.0,380.0,529.0,577.0,677.5,496.0,220.5,11.0,183.0,78.5,0.646741667
Agri_Land_TP,08-12-2021 00:00,2080.572674,2073.005814,1593.851744,1407.212209,1275.011628,1353.401163,1325.956395,1640.369186,1248.741279,506.2877907,19.11918605,607.0784884,354.4040698,0.089075
Agri_Land_TP,01-09-2016 00:00,1138.0,815.5,573.75,364.25,367.0,408.0,431.0,457.25,315.0,283.0,63.0,204.0,103.0,0.1342
Agri_Land_TP,07-06-2017 00:00,1180.0,853.0,630.0,427.0,406.0,513.0,495.0,540.0,424.0,159.0,6.0,240.0,138.0,0.118
Agri_Land_TP,13-06-2017 00:00,1180.0,853.0,630.0,427.0,406.0,513.0,495.0,540.0,424.0,159.0,6.0,240.0,138.0,0.273
Agri_Land_TP,05-07-2017 00:00,1125.682171,849.9922481,604.3023256,423.4263566,359.9457364,440.9147287,472.2713178,435.744186,407.0077519,104.9147287,7.356589147,177.9767442,111.875969,0.184
Agri_Land_TP,10-07-2017 00:00,1125.682171,849.9922481,604.3023256,423.4263566,359.9457364,440.9147287,472.2713178,435.744186,407.0077519,104.9147287,7.356589147,177.9767442,111.875969,0.2478
Agri_Land_TP,27-03-2018 00:00,4893.814223,5422.646637,5077.825248,5573.14333,5445.636714,5600.51323,5515.324146,5521.437155,5376.581036,2666.604741,98.44928335,627.2932745,504.6714443,0.083166667
Agri_Land_TP,18-04-2018 00:00,4278.0267,4568.506573,4383.373969,4427.983016,4230.131379,3928.41553,3542.840369,3290.866335,3132.504205,1376.700335,23.46223565,329.3557606,240.0616478,0.0714
Agri_Land_TP,27-04-2018 00:00,4278.0267,4568.506573,4383.373969,4427.983016,4230.131379,3928.41553,3542.840369,3290.866335,3132.504205,1376.700335,23.46223565,329.3557606,240.0616478,0.095
Agri_Land_TP,03-05-2018 00:00,1008.607624,686.8827056,419.5813822,259.6906459,233.6339781,224.9438977,214.9199186,191.0559891,183.410587,144.5490329,10.88756928,115.2745165,77.25506164,0.096666667
Agri_Land_TP,10-05-2018 00:00,996.7446264,675.8079154,413.4151598,252.9686683,225.9615603,217.781417,209.2606619,185.7322302,178.6601842,133.8926419,10.98117821,112.1148641,71.41749119,0.1254
Agri_Land_TP,16-05-2018 00:00,1036.779791,716.2167012,457.5318611,290.1380837,268.5674603,268.9015988,262.8232689,230.4355878,230.3516218,132.3220037,9.760927076,136.2011157,87.87755924,0.1266
Agri_Land_TP,22-05-2018 00:00,1088.742417,767.8870209,508.0549024,334.4014813,318.7288972,327.0191629,321.9984717,280.8094286,286.2200799,141.0378556,8.448859628,162.8213026,109.7973195,0.139
Agri_Land_TP,11-06-2018 00:00,967.7957686,655.0626079,412.324266,229.8104491,210.2940415,260.9399827,264.2249568,238.8942142,218.8976684,115.6649396,9.016839378,68.85319516,32.73704663,0.2322
Agri_Land_TP,30-08-2018 00:00,1018.969199,693.2349418,431.0284052,242.279603,219.6047228,260.0350787,269.0971937,231.7681383,216.2270705,102.3215264,8.508898015,60.21167009,26.84291581,0.1832
Agri_Land_TP,24-09-2018 00:00,1128.987904,791.6347142,510.3962806,303.9222861,287.5414273,344.3181131,350.2887814,298.912156,292.5693982,118.0879952,10.21046265,73.42500756,34.07544602,0.163
Agri_Land_TP,15-01-2019 00:00,3462.652008,3595.796048,3075.31485,3212.615679,2693.710644,2829.943276,2863.952836,3337.054812,2812.551307,1798.996813,38.26577438,455.0764818,427.8769917,0.0608
Agri_Land_TP,06-06-2019 00:00,1021.83829,711.1750929,480.9996283,304.739777,294.8739777,326.3472119,330.9215613,287.2208178,287.8256506,123.8100372,7.696654275,146.169145,100.5171004,0.1284
Agri_Land_TP,25-07-2019 00:00,1389.923077,1633.0,1383.384615,1008.384615,796.3076923,1115.615385,1125.0,2638.076923,938.6923077,322.1538462,14.53846154,709.0769231,247.5384615,0.1005
Agri_Land_TP,09-08-2019 00:00,1111.0,890.0,847.0,801.0,390.0,557.0,657.0,915.0,632.0,223.0,14.0,272.0,143.0,0.1926
Agri_Land_TP,06-09-2019 00:00,1029.050797,704.3118076,440.2458795,249.4031343,232.1567144,280.3628749,281.2993785,246.6211835,234.6336125,117.2072413,14.28803026,65.74736558,29.15077006,0.153
Agri_Land_TP,08-07-2021 00:00,1061.456376,739.590604,474.385906,287.9563758,262.3288591,333.3087248,343.7214765,305.2651007,277.7114094,142.9362416,11.29865772,93.75503356,49.86912752,0.5354
Agri_Land_TP,20-08-2021 00:00,1181.0,887.0,728.0,565.0,433.0,536.0,665.0,698.0,538.0,466.0,11.0,298.0,132.0,0.45505
Agri_Land_TP,24-11-2021 00:00,1374.074278,956.503342,565.0388098,353.7172273,304.5916343,282.2276843,260.7177663,233.5555196,212.6618154,187.6088831,15.35360069,56.36944804,38.27846054,0.08626
Agri_Land_TP,31-08-2016 00:00,1071.27193,740.0,493.1140351,268.2192982,248.754386,310.6754386,323.2017544,284.7719298,255.9912281,167.4561404,18.23684211,89.95614035,41.51754386,0.08475
Agri_Land_TP,28-03-2017 00:00,5009.71814,5477.873524,5280.032763,5429.605155,5310.752831,5254.703686,4865.657191,4655.144543,4592.293905,2607.658396,59.55841966,476.1019032,447.330041,0.031
Agri_Land_TP,05-07-2017 00:00,1120.336842,817.5894737,573.9684211,364.8421053,328.0421053,403.6210526,440.0315789,379.8105263,355.2842105,126.0315789,7.063157895,163.5263158,92.94736842,0.063666667
Agri_Land_TP,12-10-2017 00:00,1130.955688,764.3585517,484.7079168,264.4968927,234.0478249,241.3615239,239.1610376,197.982167,198.645231,93.32504728,7.73034315,66.38584166,30.69386652,0.067
Agri_Land_TP,12-12-2017 00:00,4126.823029,4183.103047,3737.104391,4127.897849,4067.43414,4130.246864,3990.995968,4021.132616,3816.082437,2294.996864,77.52195341,660.8691756,602.0425627,0.032
Agri_Land_TP,13-12-2017 00:00,4126.823029,4183.103047,3737.104391,4127.897849,4067.43414,4130.246864,3990.995968,4021.132616,3816.082437,2294.996864,77.52195341,660.8691756,602.0425627,0.0195
Agri_Land_TP,21-03-2018 00:00,6472.960406,7119.700443,6819.294087,7592.704611,7636.679083,7786.242511,7588.180516,7412.444387,7390.544413,3544.585569,51.51914561,497.3219588,430.1471737,0.0325
Agri_Land_TP,19-04-2018 00:00,4801.142449,5304.542537,5144.314575,5243.321169,5086.296988,4810.146626,4501.201803,4248.368652,4142.353704,1890.748516,24.62563201,228.2752253,145.8799736,0.028333333
Agri_Land_TP,14-05-2018 00:00,1064.184864,751.8365241,504.4189351,319.8429554,300.9125037,320.8830392,322.86898,287.3354771,288.3743643,157.5637152,14.20595274,157.4801077,102.3181274,0.049666667
Agri_Land_TP,14-06-2018 00:00,1004.31078,708.9633028,471.2958716,272.1330275,251.0401376,297.6456422,316.2213303,276.6112385,259.9288991,152.0172018,9.599770642,115.6353211,68.50688073,0.074
Agri_Land_TP,25-06-2018 00:00,974.7665692,678.6998051,444.285575,242.8216374,216.8425926,253.6154971,266.1232943,231.9278752,218.6842105,131.1998051,7.310916179,93.16423002,52.91520468,0.1265
Agri_Land_TP,27-08-2018 00:00,1054.043225,719.246236,464.0140845,245.4808159,219.9470617,261.4997572,272.4550753,225.1690141,223.5730937,113.9402623,8.029626032,64.86692569,30.22972317,0.071
Agri_Land_TP,09-01-2019 00:00,3979.374737,4207.475789,3690.286316,3824.726316,3221.477895,3344.848421,3369.6,3933.012632,3279.010526,2204.884211,43.27157895,351.2863158,369.7073684,0.026666667
Agri_Land_TP,06-08-2019 00:00,1104.0,826.0,600.0,394.0,322.0,413.0,446.0,494.0,393.0,147.0,12.0,180.0,89.0,0.082
Agri_Land_TP,19-08-2019 00:00,1044.718593,722.5929648,477.9648241,265.0603015,239.9748744,299.7487437,313.6080402,277.4572864,257.2613065,114.9346734,9.889447236,93.7839196,45.62311558,0.059
Agri_Land_TP,09-09-2019 00:00,1036.220295,703.6027754,455.5394623,240.1222897,222.2593235,270.8993929,274.8560278,238.5897658,229.0329575,127.9835212,11.54119688,66.46313964,28.46227233,0.063
Agri_Land_TP,24-09-2019 00:00,1100.851049,757.0541638,499.1509817,277.7535545,257.0473934,306.9539607,316.633717,262.6601219,263.8605281,90.75761679,8.976980366,78.25050779,35.22139472,0.069
Agri_Land_TP,04-03-2020 00:00,6558.351955,7092.752594,6830.562251,7567.349162,7619.17518,7750.646449,7586.543496,7474.45012,7377.435754,4184.084597,74.58858739,560.6484437,549.3838787,0.0363125
Agri_Land_TP,01-12-2021 00:00,1332.012526,899.4517223,540.4094468,313.3254175,272.4772965,260.7640919,240.3251566,204.1996347,195.1244781,194.0289666,13.8473382,47.29436326,29.58455115,0.0596
Agri_Land_TP,09-09-2016 00:00,1066.927397,727.1041096,477.6333333,263.6899543,246.4109589,299.1369863,305.5575342,257.1100457,249.630137,117.1520548,9.108675799,70.51598174,30.97260274,0.166
Agri_Land_TP,05-07-2017 00:00,1115.832061,807.259542,564.1603053,367.8473282,331.1145038,413.1145038,431.9694656,387.2977099,353.1984733,117.7251908,6.450381679,156.8549618,84.13740458,0.1528
Agri_Land_TP,05-10-2017 00:00,1207.0006,832.7121439,545.5208396,347.7955022,305.0494753,312.650075,314.8317841,303.6170915,275.9130435,134.7256372,7.843778111,165.9361319,121.4533733,0.127
Agri_Land_TP,25-04-2018 00:00,4198.463202,4604.050585,4415.457449,4386.442373,4152.574688,3763.011902,3395.088772,3153.175858,2981.733684,1317.529954,23.05296568,292.233287,202.3083714,0.093166667
Agri_Land_TP,17-05-2018 00:00,1055.034861,726.9306509,476.005748,301.6567632,283.3836966,292.0130636,291.4606599,256.0607644,257.7958346,155.6713198,13.65049268,151.9226635,96.28366677,0.124666667
Agri_Land_TP,15-06-2018 00:00,1010.45279,713.7360515,487.5922747,305.8369099,285.7553648,336.2038627,352.3648069,318.9935622,290.1244635,201.972103,9.778969957,145.1437768,86.25751073,0.1746
Agri_Land_TP,11-02-2019 00:00,4227.892823,5454.916746,5202.886124,5683.84689,4751.105263,5006.370335,5064.922488,5995.647847,5093.078469,2459.174163,32.22392344,853.6555024,818.9023923,0.0668
Agri_Land_TP,19-03-2019 00:00,4617.057732,5923.514433,5707.184536,6238.591753,5756.942268,5953.302062,5905.976289,6385.972165,5781.284536,3443.621649,129.4876289,800.842268,731.9237113,0.064666667
Agri_Land_TP,24-07-2019 00:00,1608.833333,1913.625,1636.916667,1304.875,1049.708333,1370.916667,1339.125,2969.166667,1132.375,459.0416667,20.45833333,1183.708333,464.2916667,0.158
Agri_Land_TP,11-09-2019 00:00,1031.023419,690.2921546,444.0971897,244.1826698,226.4203747,272.1194379,275.6235363,241.9906323,231.7031616,123.7851288,10.62177986,70.37704918,28.72775176,0.118
Agri_Land_TP,18-10-2019 00:00,1110.262353,738.1898627,458.7862098,265.0219453,233.6266459,225.3366841,214.7192411,182.0208127,183.3688234,127.2085516,7.120770211,72.78295342,39.46297607,0.127
Agri_Land_TP,10-05-2016,1065.084806,858.9955648,725.4967408,602.5507022,591.1003965,524.2013978,543.8182918,474.3505141,500.9729185,260.7131241,10.4380754,367.871178,278.1623547,0.092
Agri_Land_TP,12-07-2016,1005.278269,732.2215644,563.7082221,363.4936624,417.8352235,356.2806871,359.5699633,319.8467312,297.2576718,192.6415944,8.196047365,180.862992,124.8484823,0.34
Agri_Land_TP,13-09-2016,1019.411576,741.3187782,549.0147252,376.7965447,383.5849978,325.2152646,325.9246975,296.8315352,279.7646158,258.6154687,11.53338679,187.9697478,127.3957574,0.2
Agri_Land_TP,11-07-2017,1028.600424,744.1513496,548.7929544,371.2788062,400.7749327,362.7379923,366.1908995,326.6350811,310.3500775,177.3363777,8.841718992,200.5837886,137.1335725,0.26
Agri_Land_TP,08-08-2017,1001.265665,755.7521068,562.5991656,395.2828536,394.2117647,384.2826867,395.4827701,351.1136421,342.6050897,150.1856487,7.894618273,178.4236128,110.1138924,0.49
Agri_Land_TP,12-09-2017,1083.044671,833.5316733,660.885421,460.2892235,530.7859847,493.1245058,499.2156137,446.9851098,406.5480777,276.2718937,13.96071338,168.3644317,114.9637419,0.29
Agri_Land_TP,10-10-2017,1082.132349,812.9358944,632.8316155,438.9509643,462.858632,411.9042321,412.3341142,369.2945655,347.1947373,226.8285703,12.47712189,165.7996018,108.1595221,0.22
Agri_Land_TP,14-11-2017,1157.112645,892.9928867,668.8739781,493.0813781,443.6908908,354.0169339,343.295732,306.0549952,280.2367024,218.2286336,13.01953498,138.9490392,90.88979722,0.18
Agri_Land_TP,12-12-2017,1476.898298,1186.861568,900.4057877,718.4109818,648.533692,561.2015026,536.6442517,501.8239113,469.7922367,246.3186013,11.25242313,229.5592914,154.6578862,0.12
Agri_Land_TP,13-02-2018,1164.077524,892.6968393,676.507331,501.1445127,500.0062774,413.1785338,403.7097015,381.5946444,347.3809043,270.3646181,16.05939421,193.8420983,144.1469271,0.116
Agri_Land_TP,13-03-2018,1173.566231,947.9539859,805.8386497,624.8982328,661.1829075,488.1753023,474.8958801,454.9026646,395.3574985,253.2874651,12.27050391,224.4019259,154.7594791,0.153
Agri_Land_TP,08-05-2018,1000.015677,784.4569604,680.6124729,511.2136016,497.7875955,409.1131,425.7749971,376.0573481,369.1950747,228.8782351,10.87931821,235.0306122,173.5212062,0.129
Agri_Land_TP,05-06-2018,1075.41615,833.5628444,716.4537707,510.3544249,531.0276343,478.1217287,491.8629477,447.2435434,441.8956612,272.4536846,14.20265152,298.0613809,225.9155475,0.103
Agri_Land_TP,10-07-2018,1033.910947,789.1236758,664.8455344,430.6284127,515.8272328,435.0523211,447.3178021,386.2844716,361.9137456,185.3847644,6.615623116,186.9286453,146.3081991,0.258
Agri_Land_TP,07-08-2018,1510.622871,1199.4552,946.8645533,723.9975111,743.6423893,794.0280325,801.3183128,705.5969348,697.2152214,320.332853,9.21351847,251.8269583,142.9104008,0.315
Agri_Land_TP,11-09-2018,1043.856781,812.1179873,681.5715732,455.431391,519.3025593,450.7541932,459.4658762,399.3175246,368.768797,211.9105697,6.589068826,148.2544824,98.30241469,0.202
Agri_Land_TP,16-10-2018,1043.786021,781.5269254,589.844924,415.1353523,389.099613,308.3609663,307.0158542,272.3194228,253.9392702,211.5684151,9.364217768,155.8368893,104.210754,0.08
Agri_Land_TP,13-11-2018,1230.962635,918.0996571,678.0281261,480.4725905,444.104059,360.7498336,355.561857,315.859395,297.8738291,241.6542458,14.63413011,185.3076214,123.6211547,0.066
Agri_Land_TP,04-12-2018,3077.739833,3143.017328,2837.171713,2928.018345,2585.321015,2605.748453,2638.18272,2869.689484,2595.022567,1137.076452,12.54020423,359.8216338,272.9334939,0.099
Agri_Land_TP,12-03-2019,4648.924452,5089.790957,4858.32617,5165.070443,4944.539862,4992.829406,4937.309768,5031.956598,4786.496646,2437.681137,30.33087807,465.4569317,413.8027691,0.149
Agri_Land_TP,16-04-2019,987.500249,792.0791177,688.9825234,529.5474009,524.5462059,373.346196,377.1137224,331.144991,302.3095499,164.2208723,7.3389763,200.8411173,144.0421231,0.087
Agri_Land_TP,07-05-2019,1075.908242,821.0499292,661.5847656,497.56687,476.55073,420.9471447,437.3020083,396.5613565,385.9132323,278.6071583,17.23378303,248.6651882,163.6876425,0.082
Agri_Land_TP,04-06-2019,1047.482824,803.3008553,658.9596468,479.5673243,457.2020763,402.5772919,422.4966545,364.0099331,372.6659999,207.2980617,9.042181141,225.587087,158.8067531,0.123
Agri_Land_TP,09-07-2019,987.1418486,755.3932605,646.0787839,412.0889495,517.0390625,429.7535768,439.6898532,381.2772026,347.2612011,196.3793298,9.62283509,163.1028803,110.9011672,0.225
Agri_Land_TP,07-08-2019,1037.998403,762.3470622,624.2115801,392.926526,512.5441529,431.4322875,443.659555,385.9256132,356.7434113,191.1970907,11.77940673,182.1837992,116.6085568,0.376
Agri_Land_TP,10-09-2019,1133.283654,1005.254933,806.4486139,630.3800574,610.1823177,597.2197178,594.3834291,714.5143606,533.8080669,282.32249,75.81768232,422.3182443,247.1144481,0.376
Agri_Land_TP,08-10-2019,999.636084,752.6625875,559.4133892,380.0804921,391.456122,340.5411295,338.7143512,304.6811073,283.7173614,222.464433,11.17184739,161.758131,104.032066,0.399
Agri_Land_TP,05-11-2019,1153.24615,889.4201663,702.5356556,518.8786066,479.8019304,370.8075008,368.979695,325.3547592,305.4413441,206.0726204,11.08509601,172.4078961,113.27567,0.138
Agri_Land_TP,11-02-2020,1249.058731,999.0660487,797.9510451,659.7457312,644.3872293,483.6602057,469.179007,438.0958457,384.3991631,253.5749052,12.96551207,245.898938,178.2488836,0.129
Agri_Land_TP,17-03-2020,1087.509784,844.0302098,702.4697463,557.6106372,582.4944154,439.8958489,438.475199,401.7395013,356.7700849,232.7962711,12.77292116,212.4626446,155.5504815,0.048
Agri_Land_TP,19-04-2020,1083.786898,855.9282318,721.886367,579.1837496,570.1468395,430.3425754,434.0901607,397.8054151,361.4844853,293.4195486,20.45082829,267.890496,187.5875332,0.081
Agri_Land_TP,09-06-2020,1095.107544,848.2691301,687.6428022,490.6278676,462.521786,422.8542725,442.5227868,406.7843726,394.5561201,286.8939954,31.56143187,252.3079292,180.317552,0.37
Agri_Land_TP,07-07-2020,1054.591406,798.1887229,655.1469531,438.841067,466.1822538,408.5298698,419.7352847,366.7706653,357.4483667,226.8723345,10.31131699,211.2415143,142.9761601,0.229
Agri_Land_TP,04-08-2020,1047.061988,774.2293035,614.9981351,410.8602935,467.0415957,419.2501824,430.3755372,373.0253791,363.063245,213.5139869,10.70372172,185.4043623,120.8331306,0.349
Agri_Land_TP,02-09-2020,1295.75218,1033.053038,866.0245046,623.1334214,741.0748349,688.1823646,701.5689564,606.0354029,586.1177015,252.9157199,10.32681638,226.9027741,128.9810436,0.204
Agri_Land_TP,06-10-2020,1345.873081,1050.595902,826.6089987,613.7333122,629.6946909,618.4840867,618.9113153,547.2345796,530.7615477,326.1285734,11.85139417,185.7931629,108.5516124,0.27
Agri_Land_TP,17-11-2020,1329.574878,1025.078435,785.4130725,617.1885282,598.7883059,469.0202312,458.1244998,416.0573144,378.8911072,301.7731881,22.75620276,172.1481992,106.6476212,0.14
Agri_Land_TP,08-12-2020,1374.688839,1064.694898,810.1840999,635.8953182,603.5090257,452.4736647,436.3283465,390.5554319,355.5717112,255.724695,12.44296076,182.5750082,119.8455737,0.168
Agri_Land_TP,13-04-2021,1120.622929,904.8257259,778.7835322,647.666303,640.1222613,471.730896,474.6507838,438.9020529,395.6006858,323.0454222,20.86636088,297.8212504,212.5273424,0.171
Agri_Land_TP,12-05-2021,1028.825254,820.2611473,716.7119881,521.8242186,558.1996667,441.3282331,453.873605,401.2741504,387.3723931,258.5822603,11.55451194,257.7606171,196.6631823,0.103
Agri_Land_TP,12-07-2021,1547.573564,1284.450017,1087.088841,909.3575224,944.3312853,946.7497509,984.3289605,876.8643308,874.0074726,366.5134507,10.00813683,346.3575224,195.7092328,0.457
Agri_Land_TP,09-08-2021,1758.767606,1495.196177,1221.125755,997.4386318,1017.386318,1098.399396,1110.22837,993.7897384,982.5,430.0342052,11.41851107,328.8782696,179.4828974,0.424
Agri_Land_TP,13-09-2021,1124.997419,838.8346851,657.6193039,436.9087155,491.2860198,409.5081109,409.4811237,360.4185223,333.8837192,254.5537531,9.72172246,188.4527356,118.2771715,0.223
Agri_Land_TP,11-10-2021,1021.259555,801.6720182,634.3570671,461.0347279,439.9649292,366.9125569,372.5371906,345.1376333,321.6414988,232.9937964,22.70044891,206.5601035,143.7990835,0.136
Agri_Land_TP,11-05-2016,1155.624901,908.6888815,756.7866579,610.6629458,570.9827829,509.8767283,516.9465874,441.4781814,479.8324086,202.3201453,8.949691766,363.0456627,296.4770365,0.084666667
Agri_Land_TP,06-09-2016,1485.239511,1217.504563,974.3740122,767.8869473,758.0597131,742.2804563,723.3287159,629.7694262,621.5510818,281.3457667,8.039393227,194.2213311,102.9548213,0.25
Agri_Land_TP,08-11-2016,1116.779492,804.1785804,543.4097693,328.9362093,279.7357244,243.7197141,230.3292576,195.9224981,183.6367361,97.89754201,7.190494106,96.04330742,64.33230917,0.186666667
Agri_Land_TP,07-08-2017,1246.738416,988.0656006,898.3584062,602.5215599,750.086912,645.794545,650.8331043,534.2668167,515.6041161,140.6789838,6.566521472,174.263601,111.7912708,0.213333333
Agri_Land_TP,11-09-2017,1238.653135,964.6594042,810.5669947,555.7851303,609.2247112,494.6448063,483.4205335,414.7227933,386.130592,205.9425509,14.76145804,164.460075,87.59404248,0.256666667
Agri_Land_TP,10-10-2017,1013.710077,724.111567,500.9729724,325.0223223,310.2145485,264.9552885,256.1244341,219.183217,201.6358406,133.8610931,13.79914368,115.0207167,63.7232567,0.296666667
Agri_Land_TP,17-03-2018,1054.66906,810.9639494,627.0957589,388.1364672,321.1081109,240.5161992,226.72803,198.1251821,181.1812176,125.4085192,8.477009254,119.0542504,87.68572132,0.099666667
Agri_Land_TP,21-04-2018,1120.074557,885.7368622,754.6647479,569.5861124,546.2757551,447.5131484,442.949127,392.8098262,389.2077828,250.4315604,21.30770211,289.3741026,202.5312035,0.09
Agri_Land_TP,12-05-2018,1012.837136,749.3386749,556.1942759,358.3779126,315.4730062,287.6910446,285.9938671,243.3455992,243.9480128,138.9275917,11.53011519,167.923569,110.2455157,0.139
Agri_Land_TP,09-06-2018,1126.584797,861.9477686,694.3844117,515.4507717,476.9557135,459.1090372,469.229504,426.7022479,439.0998125,220.762513,18.9822474,351.5469095,270.9330951,0.102333333
Agri_Land_TP,18-07-2018,1180.838958,913.0980207,821.8391384,529.849238,597.6016728,469.6466928,473.941386,391.1515059,388.2481627,128.7211101,11.40644303,231.0658731,168.5575883,0.167666667
Agri_Land_TP,11-08-2018,1846.876843,1584.757063,1423.959955,1092.766244,1272.675851,1147.94199,1148.331522,970.3931464,943.2712692,273.4197773,8.500791411,290.4393516,150.4429393,0.160333333
Agri_Land_TP,17-09-2018,968.1557113,707.7497127,578.4718661,327.7268405,392.4565203,278.4974198,268.3264754,222.8693467,191.4460869,108.572977,8.766027447,109.2803254,65.61966785,0.566333333
Agri_Land_TP,13-10-2018,1011.068238,720.3571074,488.1516165,298.0144068,249.5890828,208.0778787,195.2794444,174.5194211,155.8940842,131.7744732,7.915586516,103.1814221,80.99324951,0.236666667
Agri_Land_TP,04-05-2019,1107.548624,865.2477898,700.2785655,513.2209341,467.642452,408.8735613,410.9211009,363.271226,369.7964137,237.323603,29.1295246,242.9467056,179.2386989,0.101666667
Agri_Land_TP,08-06-2019,1075.512549,805.238426,620.7416845,427.6823543,380.5913857,342.6640207,342.3297328,288.9075431,300.8801218,131.2167775,7.055180967,206.1151652,158.8367121,0.109333333
Agri_Land_TP,08-07-2019,1068.134893,801.0214987,645.5257444,437.1896144,408.8572909,360.7544709,363.1924298,305.9729943,318.5893621,160.2079148,11.99497725,214.1615501,156.983952,0.119666667
Agri_Land_TP,05-08-2019,1116.955166,869.1255818,811.5997259,515.6049488,623.608853,490.5916331,492.6375485,411.4220705,397.7261868,141.8246199,10.15179957,195.4662323,137.9443841,0.122333333
Agri_Land_TP,09-09-2019,1040.818479,774.2769814,625.4970885,379.8862983,404.7899956,335.6468511,337.9455813,279.8768972,271.6718505,94.09955333,12.87009191,141.4403545,78.00827857,0.210333333
Agri_Land_TP,18-04-2020,1037.577062,790.4677046,612.3755793,421.3399975,364.7494733,295.0501812,283.8966462,254.9233378,240.0752507,200.2810525,18.50160108,161.5969495,120.220043,0.071666667
Agri_Land_TP,08-07-2020,1105.375385,852.6705368,731.1061649,478.491876,461.360155,387.4324184,389.0310902,328.690238,339.8402435,165.6815717,9.591931378,250.5860653,192.8772662,0.094333333
Agri_Land_TP,05-08-2020,1076.653041,826.6809072,745.3466787,442.3767668,483.6607548,386.7429876,385.8664404,317.7438176,301.5888729,115.0757147,8.568207895,150.0148183,101.80104,0.095
Agri_Land_TP,16-09-2020,1757.878102,1511.950702,1310.36947,1047.988709,1109.498884,1078.199849,1065.492976,939.4943219,941.6711304,377.7440265,9.039680977,347.7962781,182.1837009,0.179333333
Agri_Land_TP,11-10-2020,1240.248466,996.9926072,907.6043958,549.7508967,695.5475052,572.627172,555.3390921,472.217659,441.6465607,182.7076957,8.348059142,161.8834688,88.86770684,0.165333333
Agri_Land_TP,06-12-2020,1236.348363,900.4243794,613.9528467,386.6128206,331.0266967,279.7016778,263.7300076,234.7136767,212.5100564,143.0183422,11.35836829,137.0515712,82.90495427,0.09
Agri_Land_TP,14-04-2021,1121.438324,908.248321,760.2515539,546.8414817,474.8552791,362.52748,353.6217462,310.6269398,300.0408497,209.8455177,15.58588145,213.169041,157.5816369,0.068
Agri_Land_TP,11-05-2021,1110.400023,891.3440191,781.3777389,543.3968902,522.0148137,396.6569507,394.9225104,336.2959758,339.7946436,194.6871643,11.2045784,239.4194838,184.9185779,0.075
Agri_Land_TP,13-07-2021,1424.023019,1195.331378,1144.655659,801.8630812,853.8613291,742.418349,749.6465935,637.0324395,634.5202509,210.4902745,9.353025571,270.5297986,171.4884081,0.270333333
Agri_Land_TP,14-09-2021,1152.750203,931.0705765,959.9951428,524.1181321,652.8523179,426.0028917,412.6204139,349.1292247,302.8233327,162.5577219,10.14815652,147.3349223,86.28503976,0.145666667
Agri_Land_TP,12-10-2021,1048.685415,815.7027342,749.849943,402.7418489,514.7742229,370.5147155,357.4060381,301.2940921,268.344735,123.2712255,8.491157164,126.4662426,78.70273423,0.159666667
Agri_Land_TP,11-05-2016,1013.167527,788.0702734,622.9623914,457.4221608,407.6227533,328.5130899,321.6360834,289.2242304,272.2294944,125.9969977,8.08514471,160.6849406,112.6625235,0.085333333
Agri_Land_TP,12-07-2016,1052.719881,749.0136161,570.2851532,345.8627913,355.3241686,311.3768002,314.854674,266.4344069,251.0123069,168.1307401,7.521816247,155.0538164,104.9120798,0.223333333
Agri_Land_TP,07-09-2016,1634.492877,1375.291511,1118.600791,882.4459457,885.0439266,901.9630775,886.8397069,777.2731577,769.4144058,332.0639875,8.552389805,210.8217644,98.26453231,0.42
Agri_Land_TP,08-11-2016,1111.772149,794.7779337,541.7809125,328.7383249,275.9683476,231.2414191,214.768632,178.5816197,170.3040128,91.45489488,7.202579083,78.34931007,49.66673713,0.101666667
Agri_Land_TP,06-12-2016,1372.243286,979.301539,669.7845969,408.7595795,356.1820255,296.789537,278.834315,232.4819178,225.0634619,135.323387,8.919120333,105.9585669,67.09308703,0.109
Agri_Land_TP,10-07-2017,1065.405172,755.295656,559.8572695,352.7140957,352.9694149,322.445922,332.2007979,286.1821809,274.537234,191.7509074,8.625349487,184.5643154,121.4835007,0.273333333
Agri_Land_TP,07-08-2017,1226.848278,960.5332265,829.0035511,545.7387134,669.6761146,558.5178096,558.0166511,461.8976247,439.0378927,127.6617587,6.590238832,142.1332525,83.96048329,0.38
Agri_Land_TP,11-09-2017,1145.035784,850.3001789,651.7893624,430.5164688,450.3447056,394.2211492,383.9016143,325.0181766,307.0389964,163.0407653,12.68298634,110.4082628,61.51758702,1.123333333
Agri_Land_TP,10-10-2017,1035.615018,740.3061764,552.4865347,342.0518248,370.3790958,301.2464589,290.8560862,241.896543,223.5666579,125.896695,12.26375408,86.30649051,49.15564652,0.183333333
Agri_Land_TP,05-11-2017,1218.979048,849.0514286,596.0819048,397.8514286,351.512381,322.0038095,325.8571429,301.592381,297.1295238,347.8971429,8.712380952,262.087619,154.3390476,0.143333333
Agri_Land_TP,17-03-2018,1059.555509,807.331775,653.976434,421.1607831,394.4451017,263.1298515,243.9891615,206.0584857,187.0703927,113.8181888,7.984429264,98.12206618,67.63017593,0.147666667
Agri_Land_TP,21-04-2018,1084.156455,856.2966286,727.1140917,547.8051109,521.138327,409.4801329,399.9864849,363.6938923,340.9501319,211.4848725,19.01942734,222.416994,146.9387276,0.074333333
Agri_Land_TP,13-05-2018,1015.342128,772.6355591,610.1038767,400.1754269,343.5986205,296.7091038,294.4091287,266.4754436,247.9303819,129.7557236,9.937528566,147.1834878,96.12126563,0.170333333
Agri_Land_TP,09-06-2018,1061.63536,821.4560499,637.6019058,447.6435772,404.9979285,389.42492,390.5919511,376.4602849,352.3993256,168.3994982,9.722247796,251.7217299,181.0464589,0.238
Agri_Land_TP,18-07-2018,1138.97082,871.3214851,710.448777,457.3906888,473.7177994,394.9489332,394.5020627,336.382511,325.3266522,107.4680807,9.268074423,171.6102592,118.5840487,0.423
Agri_Land_TP,11-08-2018,1774.87814,1493.117796,1258.03492,964.9519116,1016.33478,983.0670713,979.8748062,835.2973575,833.5998649,256.5476786,7.478226199,225.0459509,103.6919882,0.279666667
Agri_Land_TP,17-09-2018,957.3394752,676.1274524,498.3639629,289.7814064,280.4927129,218.6108228,210.1468121,172.2549256,157.9898686,95.22441713,6.984834015,73.4639172,43.91499346,0.195333333
Agri_Land_TP,13-10-2018,1037.420498,744.7153695,529.9521357,322.5460448,267.6619174,210.8730313,195.0342428,165.2887667,152.3518036,115.6915467,7.366419424,78.25240614,54.81390192,0.146
Agri_Land_TP,16-03-2019,1610.484318,1563.845993,1340.961672,1266.420557,1127.945645,1066.695819,1058.734495,1101.164808,1000.368641,613.4212254,16.17794605,672.7007835,483.110331,0.107666667
Agri_Land_TP,04-05-2019,1083.596834,844.8230735,667.7325674,479.2819111,435.6251459,386.3613176,381.0039217,351.2086789,336.592431,195.7737298,21.60855809,209.5568594,139.4893101,0.116666667
Agri_Land_TP,08-06-2019,1080.417115,859.2257753,689.649197,486.0835902,441.1564005,370.6374096,363.7354369,337.1044551,313.1828467,124.2112072,6.873189063,207.9088839,148.7574604,0.184666667
Agri_Land_TP,08-07-2019,1042.792955,813.2269196,705.6316188,446.5769628,514.6438512,399.7599638,394.5446765,354.6505253,319.0522454,135.5928585,10.40676253,181.0505821,125.2187507,0.217666667
Agri_Land_TP,05-08-2019,1091.09515,834.3979554,735.7120754,439.8494856,592.5389443,464.5619556,460.6850643,385.4147041,351.0327737,116.7104702,9.838723259,137.14687,85.56070573,0.959333333
Agri_Land_TP,09-09-2019,1058.23418,781.9893622,668.2049119,389.1330924,468.6272205,351.0692769,352.6908649,283.8696326,269.0919777,83.97052653,11.19119559,100.27672,56.31760655,0.230333333
Agri_Land_TP,05-10-2019,990.7948363,687.6843364,481.4006884,276.9082165,257.0409579,218.455278,213.7735723,171.7294535,164.9581583,83.31507091,8.94189577,67.24305411,38.36841284,0.213
Agri_Land_TP,09-11-2019,1122.835351,808.4135783,572.2814349,358.1739334,304.0178099,248.927398,239.8241786,198.5362231,189.0105497,110.7042199,11.46054578,84.39528184,47.98584942,0.094333333
Agri_Land_TP,21-03-2020,1174.446423,874.6944705,689.8706654,506.7294595,462.8100594,337.9609497,331.5510778,284.5632615,274.3886286,242.7522649,12.07341456,217.1779182,149.1682211,0.073
Agri_Land_TP,18-04-2020,1056.258348,818.9828486,653.4526857,477.3925538,424.2964417,320.0956176,303.6754896,271.4365135,251.7560694,186.1360093,18.30039752,153.8175296,109.2940081,0.088333333
Agri_Land_TP,09-06-2020,1120.347103,833.9618802,643.8747492,431.6517627,378.3032388,342.6319862,352.8991115,317.9753511,312.16681,226.5883721,12.4049871,204.1355255,142.283801,0.117666667
Agri_Land_TP,08-07-2020,1101.688725,889.9649885,738.5941187,509.7721005,477.4308605,415.070155,411.1104466,387.1608923,363.3509068,157.9693142,8.497095916,267.53096,199.2402876,0.116666667
Agri_Land_TP,05-08-2020,1067.314132,830.0445003,764.4235015,448.693841,593.4539429,439.2618121,435.7477532,368.1548487,328.9336329,111.3393485,7.766919067,155.4748779,106.0209586,0.355333333
Agri_Land_TP,16-09-2020,1485.530635,1209.65723,985.3063376,739.1580469,751.8308301,747.7393012,738.4203796,649.0261264,643.157607,263.8566895,8.215704141,219.7294665,119.7084459,0.216666667
Agri_Land_TP,11-10-2020,1259.510293,957.8884821,744.303613,497.2950776,513.2817653,464.2323594,448.9595417,383.4927134,371.7975024,167.3649006,8.063845781,124.8101237,67.15796557,0.208666667
Agri_Land_TP,06-12-2020,1276.495978,942.5503071,672.932623,438.472203,370.8089025,280.8487725,260.7518335,219.228719,201.4490321,129.6507036,10.35543771,93.9843002,57.40310128,0.081333333
Agri_Land_TP,14-04-2021,1106.231816,898.9734402,764.7804713,581.0425014,514.8311296,351.7552376,339.076493,298.2282389,272.471389,179.0045316,14.76865102,167.0042072,117.9660943,0.088666667
Agri_Land_TP,11-05-2021,1052.814437,847.9821977,745.2784505,481.2531578,495.1049862,352.4117818,343.3566681,308.1624997,278.6255297,150.426602,10.00407655,165.7590718,116.0737695,0.099333333
Agri_Land_TP,08-06-2021,1142.551985,884.8874771,719.2102627,485.6392181,412.7644472,346.9892486,359.0289554,305.8382407,310.1407453,126.7306137,6.727550397,192.2602277,125.5598972,0.118666667
Agri_Land_TP,13-07-2021,1431.564271,1183.869369,1023.340749,751.275732,793.2069642,725.0985594,726.3611964,640.5756404,631.0291416,210.2774688,8.200805524,282.6510676,174.1632997,0.164666667
Agri_Land_TP,14-09-2021,1089.537863,805.9270458,657.6743196,396.7880317,474.3153501,356.0362743,343.8561644,287.1716159,254.2979565,137.4555358,8.099393926,99.54501622,59.56438131,0.441333333
Agri_Land_TP,12-10-2021,1043.116652,750.1190406,553.3655728,332.9706687,308.2413332,244.4339178,233.4930539,195.9559873,181.553211,100.8481235,7.649276979,89.26764403,58.71524343,0.155333333
Agri_Land_TP,16-11-2021,1326.71205,972.1672717,694.0032114,483.689193,430.5975984,336.2165596,323.4075677,276.5480313,262.627618,194.2678902,13.05448855,149.5119809,93.47601993,0.091666667
Agri_Land_TP,14-12-2021,1399.555232,1016.26552,706.3902921,474.6930919,424.1345861,336.996196,324.6329884,272.6086427,260.367468,145.7411179,9.824083289,125.4180432,76.20935803,0.076666667
Agri_Land_TP,13-04-2016,1239.529393,1021.852564,866.3434959,576.8122264,492.5373671,481.2984678,513.8114447,456.3775797,474.5473734,226.9363665,10.47654784,278.2371795,160.6710444,0.034158761
Agri_Land_TP,09-08-2017,1268.096154,1082.929487,928.0943223,763.481685,617.5430403,678.5851648,723.0137363,836.7289377,680.1410256,381.5238095,7.463369963,558.5778388,408.0769231,0.041
Agri_Land_TP,13-09-2017,1486.22963,1296.444444,1121.962963,979.4518519,806.2222222,934.5703704,1007.651852,1175.97037,923.4222222,518.5925926,10.68148148,611.2814815,458.4592593,0.099
Agri_Land_TP,15-11-2017,1320.632585,930.4712382,621.6499474,414.0913714,367.8786391,371.7428972,380.5705016,347.8786391,335.0329709,226.8270782,11.32620133,179.3986321,111.134865,0.043
Agri_Land_TP,14-12-2017,1396.991705,979.2352154,611.2876639,382.442601,350.45384,386.3042547,388.8683436,334.103559,331.632593,150.7356168,13.92694675,97.02060476,52.68959058,0.041
Agri_Land_TP,06-06-2018,1235.545455,1082.211624,944.8137109,758.5707899,629.7630402,675.4545455,730.8628912,830.1445604,683.4932936,400.6631893,14.9314456,548.3636364,394.4500745,0.039
Agri_Land_TP,11-07-2018,1258.039673,1137.75,1005.13602,840.4987406,684.1542821,732.0793451,788.6460957,925.634131,745.9861461,505.3293451,10.62720403,616.7575567,459.9187657,0.034
Agri_Land_TP,08-08-2018,1288.827619,1203.200952,1072.502857,961.1809524,775.0485714,850.9685714,910.4533333,1091.974286,877.5057143,511.3590476,8.398095238,718.22,530.5657143,0.058
Agri_Land_TP,12-09-2018,1229.900933,1050.811199,879.5735822,738.2670495,592.6346016,646.195262,687.8176597,810.9066762,647.6834171,366.8126346,6.199569275,531.2404882,383.6159368,0.082
Agri_Land_TP,10-10-2018,1194.605894,919.1648352,698.4955045,531.0524476,444.488012,471.4845155,500.8441558,554.7037962,458.7302697,309.0564436,7.105394605,360.1698302,255.0084915,0.099
Agri_Land_TP,14-11-2018,1293.506003,934.881709,649.7118644,457.6977401,404.1987994,445.2341102,453.9904661,476.3209746,408.6620763,429.8700565,12.92196328,263.6055791,183.420904,0.07
Agri_Land_TP,17-04-2019,1213.396274,1040.139968,932.2859577,741.5636219,661.3753692,532.3524199,561.4955692,479.7400591,473.192229,231.3333333,7.95819132,265.3542377,164.6089525,0.046
Agri_Land_TP,08-05-2019,1224.546889,1047.278644,908.171239,628.5700197,552.0360409,532.3559261,569.8716156,531.253362,521.821768,478.1798458,13.96431773,322.6548323,192.6471221,0.023
Agri_Land_TP,05-06-2019,1233.810338,1016.521383,857.600595,623.5674972,563.0349572,575.3525474,609.2651543,614.9453328,556.4748977,485.9074005,10.5243585,388.052064,268.1093343,0.031
Agri_Land_TP,10-07-2019,1309.710024,1169.402148,1037.920048,876.1825776,713.0823389,778.4671838,839.6945107,950.4647971,793.0459427,428.0900955,10.80190931,650.3096659,474.302506,0.031
Agri_Land_TP,07-08-2019,1284.596974,1177.463549,1021.863824,884.5488308,697.0784044,774.5942228,815.8858322,985.0055021,782.823934,378.8074278,10.06877579,659.954608,460.2696011,0.033
Agri_Land_TP,09-10-2019,1239.885877,983.3249665,769.3855422,602.146921,499.3614458,542.2212182,570.7687416,646.3955823,534.1716867,399.5739625,10.09605087,412.6004016,295.7269076,0.091
Agri_Land_TP,06-11-2019,1257.816269,901.2026648,628.8485273,441.4884292,380.6167602,411.808906,429.5462833,441.1819776,388.6111501,265.0378682,11.26507714,266.8478261,180.1507714,0.095
Agri_Land_TP,06-05-2020,1290.212121,1272.357576,1118.212121,958.6424242,793.5878788,894.7333333,935.9878788,1107.563636,894.8909091,648.7636364,35.63636364,677.9818182,483.2,0.029
Agri_Land_TP,20-05-2020,1185.388302,961.264013,778.6701868,570.5442729,494.9431357,530.6823721,555.3874898,616.5523964,504.8123477,549.8740861,11.12997563,390.2737612,269.2071487,0.022
Agri_Land_TP,24-06-2020,1254.371266,1104.156472,953.2788051,767.5135135,630.4054054,715.9516358,741.4623044,853.7681366,692.6116643,384.4125178,8.913229018,574.0796586,375.3556188,0.041
Agri_Land_TP,08-07-2020,1238.444685,1084.443601,936.1561822,759.6008677,638.2874187,690.0065076,724.6767896,851.4078091,673.2830803,534.4663774,9.026030369,557.6876356,398.835141,0.038
Agri_Land_TP,22-07-2020,1330.907942,1307.279783,1177.940433,1069.409747,842.5884477,954.4458484,1035.801444,1234.039711,989.166065,410.7581227,10.10649819,783.1859206,555.7202166,0.027
Agri_Land_TP,05-08-2020,1273.441667,1162.415,1012.075,872.6133333,694.84,767.2333333,843.0633333,997.345,791.8333333,418.675,8.685,629.5166667,450.6483333,0.054
Agri_Land_TP,19-08-2020,1423.657895,1506.447368,1396.552632,1366.736842,979.4078947,1179.223684,1317.407895,1656.618421,1296.75,327.2763158,7.75,932.5131579,673.1578947,0.073
Agri_Land_TP,21-10-2020,1300.805622,984.7458134,761.3283493,551.4246411,487.0095694,522.9461722,558.6327751,566.7607656,496.555622,269.972488,8.485047847,334.1495215,223.7745215,0.043
Agri_Land_TP,09-12-2020,1247.975506,836.7858713,498.5974348,284.0345227,253.9848963,292.4201862,295.1406881,255.0505055,247.299117,136.0857074,8.452830943,65.71494786,34.83893395,0.052
Agri_Land_TP,14-04-2021,1192.139007,939.7646881,741.2634767,522.8443368,462.7646881,498.098728,519.0069655,545.7259237,473.9442762,483.387341,14.30708661,340.0090854,230.4894004,0.02
Agri_Land_TP,12-05-2021,1227.032986,1027.084491,847.5462963,647.6469907,557.4207176,605.4832176,638.1099537,702.7372685,590.3252315,477.0555556,10.1712963,452.6753472,305.1168981,0.02
Agri_Land_TP,09-06-2021,1272.5301,1178.050167,1031.620401,869.8545151,730.3829431,795.4949833,828.7040134,965.5551839,793.4698997,417.7107023,8.230769231,644.4749164,462.2341137,0.031
Agri_Land_TP,14-07-2021,1273.832941,1160.754118,1008.709412,857.3705882,706.7270588,764.7352941,818.4576471,959.7129412,778.4235294,420.6447059,8.505882353,635.6164706,442.5517647,0.04
Agri_Land_TP,13-10-2021,1221.363922,925.7368627,694.6333333,507.7980392,427.827451,462.7803922,490.9082353,537.4235294,451.8752941,310.6066667,7.66627451,331.6898039,217.7078431,0.08
Agri_Land_TP,08-12-2021,1265.154309,853.8781078,516.1639164,293.3127979,259.6742941,300.206674,305.6844151,258.3067473,254.8376604,107.2920059,7.48349835,67.04653465,35.67084708,0.058
Agri_Land_TP,11-05-2016,1122.586957,1012.521739,886.8695652,777.173913,674.5,695.3043478,770.3695652,759.1956522,662.8478261,495.7826087,10.30434783,720.4347826,502.8913043,0.193
Agri_Land_TP,09-08-2017,1224.7,1065.8,943.6,887.95,791.2,787.1,859.1,880.55,798.1,401.7,9.2,906.1,630.2,0.188
Agri_Land_TP,13-09-2017,1296.714286,1066.904762,895.2380952,780.3809524,712.9285714,706.9285714,735.5952381,807.6190476,701.4047619,602.9285714,18.5,803.7380952,500.3571429,0.204
Agri_Land_TP,15-11-2017,1132.749552,792.6409889,498.8513078,329.243282,305.9745611,322.0859907,321.2590469,300.4181297,291.2733787,186.0383375,14.2486564,252.1031888,133.9168757,0.183
Agri_Land_TP,09-05-2018,1124.55,1049.325,930.925,837.725,713.525,702.275,718.55,793.475,708.45,588.35,14.025,853.475,566.325,0.176
Agri_Land_TP,06-06-2018,1111.1,852.2,687.6,526.7,509.3,530.1,524.3,565.2,515.3,695.2,34.3,588.1,352.5,0.167
Agri_Land_TP,11-07-2018,1343.666667,1076.416667,887.4166667,729.8333333,724.4166667,721.25,772.9166667,754.0833333,687.5,704.4166667,15.75,606.5,385.3333333,0.227
Agri_Land_TP,08-08-2018,1659.0,1462.375,1236.875,1125.5,1014.25,1095.25,1117.75,1105.125,1108.5,560.75,10.75,1085.25,713.75,0.182
Agri_Land_TP,12-09-2018,1235.909091,1098.227273,961.3409091,957.8636364,838.25,849.25,923.2727273,1039.636364,867.1590909,453.9772727,10.93181818,1136.136364,787.1818182,0.168
Agri_Land_TP,10-10-2018,1107.590909,924.2181818,745.1454545,672.6272727,568.2181818,598.1909091,628.2090909,720.4636364,606.1272727,371.0818182,14.58181818,849.1454545,587.1090909,0.19
Agri_Land_TP,14-11-2018,1229.860773,889.0180744,588.8040444,419.6793128,395.4860415,408.7482105,405.5456335,379.7811382,378.948461,247.182355,13.69846099,340.841088,195.6302792,0.176
Agri_Land_TP,17-04-2019,1135.853933,955.4629213,847.8404494,698.4022472,637.0404494,571.5280899,591.3168539,532.0831461,562.9775281,322.8988764,11.31460674,701.8966292,439.4539326,0.143
Agri_Land_TP,08-05-2019,1160.292929,1041.858586,920.1414141,813.6666667,727.3232323,734.3030303,781.7979798,772.3535354,731.3030303,659.0808081,17.14141414,765.4545455,559.7575758,0.174
Agri_Land_TP,05-06-2019,1275.592593,1303.814815,1210.62963,1173.148148,1018.703704,1035.962963,1187.851852,1158.851852,1078.148148,453.9259259,12.74074074,1242.407407,912.3703704,0.199
Agri_Land_TP,10-07-2019,1337.666667,1658.766667,1627.266667,1670.433333,1406.133333,1499.383333,1525.883333,1686.883333,1555.85,671.3333333,20.85,1828.133333,1426.166667,0.184
Agri_Land_TP,07-08-2019,1248.785714,1230.238095,1126.047619,1096.97619,922.6428571,978.1666667,1015.97619,1076.738095,1011.785714,422.3809524,13.38095238,1229.97619,884.8571429,0.217
Agri_Land_TP,09-10-2019,1171.707317,1095.54878,959.7845528,915.1626016,769.7398374,816.0894309,855.2926829,954.9186992,839.1219512,499.6747967,15.94715447,969.2154472,704.8902439,0.168
Agri_Land_TP,06-11-2019,1132.676287,812.3346334,543.099844,385.2519501,345.851014,372.2168487,372.3642746,369.6185647,348.6318253,201.5468019,14.08112324,369.3954758,211.1762871,0.173
Agri_Land_TP,18-03-2020,1153.678899,933.8394495,762.5848624,650.1926606,585.0091743,574.6788991,581.0068807,621.2178899,564.8555046,452.5,18.18119266,755.5917431,499.6192661,0.197
Agri_Land_TP,15-04-2020,1171.089552,1018.119403,885.8731343,823.9776119,733.4179104,729.3283582,748.3656716,837.1567164,746.9850746,707.9738806,32.38059701,913.488806,654.6902985,0.231
Agri_Land_TP,08-07-2020,1212.85,1224.166667,1175.166667,1192.25,1016.883333,1061.983333,1109.116667,1248.433333,1118.583333,563.2833333,12.51666667,1339.883333,969.2833333,0.255
Agri_Land_TP,05-08-2020,1248.8125,1207.5625,1126.25,1123.15625,933.59375,1016.375,1065.53125,1155.0625,1076.0,454.25,11.125,1267.375,915.0625,0.259
Agri_Land_TP,07-10-2020,1399.991071,1155.776786,936.8392857,840.6696429,750.7232143,797.5178571,833.75,867.1517857,801.7142857,475.3303571,13.94642857,839.5892857,547.4196429,0.177
Agri_Land_TP,09-12-2020,1215.401534,846.3025887,520.7532119,334.5075743,303.8293384,306.8912752,296.8243528,273.3564717,263.2067114,162.5091083,12.20651965,225.9328859,130.4281879,0.191
Agri_Land_TP,12-05-2021,1226.688525,1240.393443,1182.565574,1191.172131,1046.92623,1084.385246,1135.155738,1230.327869,1120.803279,663.8442623,16.59016393,1370.672131,1046.557377,0.24
Agri_Land_TP,07-07-2021,1414.5,1285.642857,1145.714286,1148.357143,983.3571429,1040.642857,1114.428571,1189.928571,1122.5,495.2142857,12.42857143,1163.714286,820.4285714,0.367
Agri_Land_TP,11-08-2021,2311.785714,2083.303571,1792.714286,1606.196429,1539.803571,1612.589286,1665.928571,1482.375,1568.571429,549.6428571,13.08928571,948.8571429,505.1607143,0.271
Agri_Land_TP,15-09-2021,1273.389831,1166.152542,1049.864407,1047.254237,888.2711864,935.220339,962.0508475,1117.576271,966.4915254,643.4576271,16.49152542,1196.576271,861.2711864,0.292
Agri_Land_TP,13-10-2021,1150.263514,1023.128378,879.7297297,826.472973,695.4797297,727.0101351,772.5,858.2094595,749.4358108,385.9763514,10.40202703,937.8175676,658.9189189,0.255
Agri_Land_TP,08-12-2021,1237.505126,868.439397,545.998593,344.1226131,309.5107538,323.8779899,318.4084422,283.8693467,279.8180905,123.3654271,10.19859296,234.5242211,127.8822111,0.224
Agri_Land_TP,13-04-2016,1240.493771,1022.367686,866.7021518,580.0547376,495.8476784,483.5447339,516.0368063,458.0705927,475.8333333,224.4341261,10.69667799,276.8523971,161.3595696,0.012330799
Agri_Land_TP,09-08-2017,1278.508143,1104.519001,953.1237785,793.7372421,643.8360478,703.6623236,746.3528773,864.6948969,703.9218241,375.3474484,7.356134636,576.8588491,425.5255157,0.005
Agri_Land_TP,13-09-2017,1485.992248,1294.379845,1118.922481,974.5116279,802.8837209,928.9844961,1001.503876,1164.984496,916.8992248,516.5658915,10.65891473,605.0930233,454.5193798,0.005
Agri_Land_TP,15-11-2017,1322.43794,933.6164173,624.5497359,418.7183099,372.0541373,376.131382,384.9973592,352.6197183,339.0625,222.7466989,11.24713908,184.3738996,115.7154489,0.012
Agri_Land_TP,14-12-2017,1398.939481,979.5501121,609.5517131,380.3976945,349.685879,384.568684,385.0800512,328.996798,328.310919,145.1764329,14.77041306,92.30259366,48.77617675,0.006
Agri_Land_TP,06-06-2018,1247.292724,1104.830795,971.2301184,789.3265651,655.3857868,695.1116751,753.927242,858.6548223,709.2910321,394.4416244,14.95769882,564.1387479,408.857868,0.008
Agri_Land_TP,11-07-2018,1266.497114,1153.715007,1023.164502,861.487013,702.1738817,747.2380952,803.6067821,946.3477633,763.5526696,502.2698413,10.60750361,626.0728716,468.5339105,0.008
Agri_Land_TP,08-08-2018,1300.411894,1230.316079,1104.179515,998.7940529,803.6475771,880.8381057,942.3039648,1128.546256,910.4229075,506.0561674,8.416299559,738.9262115,547.719163,0.005
Agri_Land_TP,12-09-2018,1237.544702,1076.246689,908.5082781,772.8418874,619.3336093,674.9842715,718.4072848,845.1299669,678.2889073,358.4693709,6.158940397,551.8567881,401.2649007,0.003
Agri_Land_TP,10-10-2018,1200.234339,931.138051,711.975058,546.6276102,456.275522,483.7743619,513.1885151,568.6421114,472.7192575,304.2267981,7.099187935,371.3149652,265.7192575,0.004
Agri_Land_TP,14-11-2018,1295.078318,938.3829349,652.8577906,462.1525144,408.2761748,449.6125309,458.3252267,477.5849134,411.7011542,416.791014,12.76586974,265.3800495,185.9872218,0.003
Agri_Land_TP,17-04-2019,1217.1495,1044.26874,935.695447,739.6436702,656.5291505,528.3314825,557.0097168,476.8187118,470.1774014,224.2537479,7.972515269,267.5606607,167.8922821,0.061
Agri_Land_TP,08-05-2019,1228.901805,1049.272127,908.9029062,632.1292382,556.568472,537.984148,574.7494496,535.6387054,525.6922061,465.2313959,13.95134302,324.0088067,196.111845,0.015
Agri_Land_TP,05-06-2019,1237.992077,1021.28213,862.9432218,631.4696303,571.128081,582.0506162,615.3503521,620.6285211,563.7081866,475.318662,10.53080986,390.3926056,272.0598592,0.009
Agri_Land_TP,10-07-2019,1320.034,1185.611333,1056.802667,898.7253333,731.0466667,797.1333333,858.4426667,972.6993333,812.6546667,423.4266667,10.858,664.1853333,486.3686667,0.005
Agri_Land_TP,07-08-2019,1300.17609,1211.849758,1062.458805,931.9886914,730.2924071,812.4232633,859.4038772,1034.294023,827.6817447,376.1195477,10.0177706,693.4927302,490.5751212,0.005
Agri_Land_TP,09-10-2019,1244.938403,994.2353612,781.3657795,616.0190114,511.3589354,554.6292776,582.7448669,658.9840304,546.8110266,394.0460076,10.09961977,420.678327,303.6117871,0.006
Agri_Land_TP,06-11-2019,1258.935844,904.4076987,631.3141556,445.5500828,384.3029801,416.2466887,433.6456954,442.7284768,391.8344371,256.6055464,11.28932119,267.2748344,183.0020695,0.01
Agri_Land_TP,14-04-2021,1196.367788,951.8149038,754.9368132,538.9182692,477.0947802,512.2960165,533.7022665,563.1548764,488.2029533,474.8592033,14.25686813,348.2383242,237.6504121,0.01
Agri_Land_TP,12-05-2021,1240.964181,1062.600146,889.3450292,695.2163743,593.8852339,646.5635965,676.8633041,756.0592105,633.5774854,466.005848,10.18274854,481.4261696,330.1564327,0.01
Agri_Land_TP,14-07-2021,1281.836,1177.885333,1029.301333,880.2613333,724.8506667,784.8453333,837.1053333,982.5573333,800.4813333,416.8453333,8.508,651.2266667,457.3266667,0.02
Agri_Land_TP,13-10-2021,1224.647453,932.2837355,701.7448615,516.1827525,434.5290438,469.6595174,497.0397676,544.1322609,459.2220733,304.4133155,7.596514745,335.7198391,221.4177837,0.01
Agri_Land_TP,13-04-2016,1261.682773,1053.190126,899.0115546,689.0840336,607.9296218,623.887605,642.5567227,653.1890756,611.9233193,258.4117647,20.82773109,495.8329832,339.737395,0.012
Agri_Land_TP,09-08-2017,1311.593472,1241.646884,1125.195846,991.3382789,806.1750742,875.189911,923.5014837,1069.718101,884.5994065,405.5133531,8.795252226,836.3976261,609.148368,0.006
Agri_Land_TP,15-11-2017,1225.41776,884.1728893,576.1342079,378.1237807,341.6976118,364.7655567,366.6347124,343.6976118,320.0945173,169.9112008,10.64379415,179.9431551,113.0716448,0.009
Agri_Land_TP,13-12-2017,1400.591522,1032.526012,683.3800578,465.8603083,430.7495183,472.0014451,474.9614644,434.7066474,419.7220617,195.0409441,28.0105973,196.0684008,119.1464355,0.006
Agri_Land_TP,06-06-2018,1296.060209,1252.010471,1144.67801,1002.109948,827.3612565,872.3874346,927.5837696,1063.117801,883.6125654,441.6753927,10.71204188,845.2853403,629.8403141,0.006
Agri_Land_TP,11-07-2018,1317.074303,1307.660991,1199.280186,1079.414861,877.4241486,936.9179567,994.0557276,1167.721362,961.0154799,539.7770898,12.11764706,922.1331269,712.2136223,0.006
Agri_Land_TP,08-08-2018,1310.485549,1236.728324,1114.176301,995.083815,807.5231214,875.6647399,932.7427746,1104.921965,895.1560694,594.8815029,9.734104046,848.9132948,639.5520231,0.004
Agri_Land_TP,12-09-2018,1256.140288,1209.068345,1082.021583,964.4604317,781.881295,828.0179856,876.2517986,1093.104317,851.7482014,457.3021583,8.183453237,840.9532374,627.4748201,0.006
Agri_Land_TP,10-10-2018,1222.174026,1146.722078,973.7168831,845.5714286,682.5480519,757.0623377,802.0987013,957.6519481,755.0727273,380.6519481,8.532467532,714.2545455,532.4909091,0.005
Agri_Land_TP,14-11-2018,1238.872692,961.6938776,687.5364431,512.3100097,449.0340136,493.9426628,502.6268222,545.3401361,454.6190476,378.9455782,13.94071914,347.1846453,246.6744412,0.006
Agri_Land_TP,17-04-2019,1234.803092,1067.648495,914.0195281,705.3563873,598.7436941,588.3751017,617.9479251,626.465419,580.2847844,285.7697315,8.754271766,535.2408462,381.0642799,0.008
Agri_Land_TP,08-05-2019,1260.588123,1123.846743,978.4789272,805.0766284,695.967433,725.9329502,756.9252874,838.4329502,715.7471264,526.6494253,15.81417625,635.3563218,471.5651341,0.01
Agri_Land_TP,05-06-2019,1258.992974,1154.934426,1007.782201,842.2131148,731.3911007,767.7166276,808.6276347,916.5456674,757.8384075,500.5199063,12.41686183,688.0327869,508.3395785,0.006
Agri_Land_TP,10-07-2019,1295.873362,1186.078603,1070.120087,918.0567686,761.6004367,812.6593886,853.2816594,970.1921397,815.7663755,475.3755459,11.99563319,762.5414847,554.1222707,0.004
Agri_Land_TP,07-08-2019,1360.44186,1578.883721,1468.860465,1434.534884,1066.348837,1247.395349,1313.023256,1580.395349,1324.348837,417.2790698,10.90697674,1132.093023,858.744186,0.005
Agri_Land_TP,09-10-2019,1245.575949,1149.196203,979.3734177,851.0791139,672.5664557,739.0411392,790.8512658,937.7341772,754.3386076,314.3006329,9.436708861,732.8196203,538.6044304,0.009
Agri_Land_TP,06-11-2019,1211.54115,955.789177,700.2671928,540.6662909,454.1386697,489.1352875,505.723788,557.2435175,473.1409245,249.4137542,11.86020293,412.7801578,292.535513,0.015
Agri_Land_TP,15-04-2020,1251.363363,1099.277778,939.521021,798.6996997,695.2987988,723.6606607,738.4129129,833.1981982,687.3588589,600.0105105,16.3963964,668.7717718,506.7582583,0.006
Agri_Land_TP,06-05-2020,1276.930636,1245.034682,1125.82659,995.0462428,830.6531792,895.9942197,931.5433526,1129.300578,902.1560694,667.3526012,15.97687861,792.3179191,596.0231214,0.013
Agri_Land_TP,08-07-2020,1289.063415,1247.292683,1146.370732,1028.170732,842.9268293,900.8780488,953.5756098,1154.117073,899.8780488,550.5121951,10.07317073,857.5609756,633.3902439,0.003
Agri_Land_TP,05-08-2020,1469.0,1151.0,957.0,685.0,687.0,775.0,839.0,782.0,680.0,461.0,11.0,253.0,133.0,0.007
Agri_Land_TP,09-12-2020,1233.256082,858.4086641,527.3696116,322.7816901,283.1939821,311.7966283,317.1681605,289.3866837,273.9955186,159.0153649,8.82501067,129.1316688,76.84528382,0.003
Agri_Land_TP,14-04-2021,1253.452785,1143.507264,996.3970944,861.2046005,731.8995157,764.972155,798.6561743,934.7760291,764.2360775,589.4709443,16.88256659,730.7857143,558.3038741,0.007
Agri_Land_TP,12-05-2021,1247.119141,1128.095703,991.5546875,847.9433594,730.8769531,772.4707031,816.7070313,928.9648438,767.8535156,574.5957031,12.296875,710.4375,522.4199219,0.007
Agri_Land_TP,09-06-2021,1307.18018,1342.684685,1244.810811,1135.981982,907.3153153,993.7117117,1075.801802,1300.081081,1026.387387,522.0540541,23.78378378,931.6306306,674.1621622,0.005
Agri_Land_TP,07-07-2021,1315.87037,1223.356481,1124.875,1004.023148,816.6111111,881.9722222,935.0648148,1143.550926,906.662037,503.25,9.814814815,857.587963,617.3611111,0.005
Agri_Land_TP,13-10-2021,1242.049751,1144.972637,970.5522388,848.6567164,678.1119403,747.2935323,771.0024876,989.6567164,756.6691542,400.8955224,8.534825871,709.119403,512.0671642,0.012
Agri_Land_TP,08-12-2021,1223.993634,851.0881559,524.818287,315.9270833,276.7100694,306.0912423,313.242284,277.5318287,267.9944059,123.9662423,8.795910494,123.1755401,69.44907407,0.006
Agri_Land_TP,13-04-2016,1242.202128,1000.148936,838.0638298,671.037234,627.643617,629.462766,669.6808511,638.5585106,635.2180851,389.75,97.76595745,532.9893617,357.7819149,0.019
Agri_Land_TP,11-05-2016,1098.386698,872.9499706,724.0441436,559.7857563,528.2360212,502.7910536,504.4267216,488.7298411,464.8658034,418.9405533,9.81400824,391.4596822,251.9264273,0.015
Agri_Land_TP,09-08-2017,1307.869018,1014.036524,795.6435768,609.0352645,595.0327456,633.3450882,634.5327456,611.5843829,559.2241814,344.6599496,8.329974811,336.2052897,191.4143577,0.009
Agri_Land_TP,13-09-2017,1269.393709,965.2733189,753.1258134,559.9056399,552.686551,556.3318872,566.4414317,543.7353579,495.1041215,527.4967462,13.06941432,305.6529284,182.4685466,0.009
Agri_Land_TP,15-11-2017,1468.585174,1163.635144,830.8222176,673.6880033,610.9254594,638.9576709,652.9141028,690.3175718,624.3609333,311.377452,14.14020235,548.258311,413.7084452,0.005
Agri_Land_TP,09-05-2018,1101.450161,850.9839228,678.965702,499.6580922,466.0182208,466.7620579,475.2529475,477.6891747,436.0460879,466.6173633,11.24758842,376.5123258,253.7095391,0.013
Agri_Land_TP,06-06-2018,1127.951111,906.14,755.9988889,590.9911111,572.4877778,560.3,578.5233333,589.1866667,540.2933333,496.4322222,20.29222222,451.92,305.5333333,0.011
Agri_Land_TP,11-07-2018,1152.482175,875.0142602,703.5356506,526.1158645,515.1167558,499.872549,514.6283422,528.5721925,455.6105169,511.8957219,11.40196078,377.1479501,258.8823529,0.007
Agri_Land_TP,08-08-2018,1258.192593,962.0240741,758.5685185,570.9592593,575.9296296,593.05,614.5055556,590.987037,522.6166667,519.7555556,8.983333333,343.9759259,204.8037037,0.005
Agri_Land_TP,12-09-2018,1118.284524,820.1964286,633.3119048,450.2988095,444.7416667,426.75,433.3130952,432.8666667,377.4583333,444.2511905,7.65952381,282.1214286,167.0035714,0.006
Agri_Land_TP,10-10-2018,1032.809653,730.5859959,508.3473827,348.9877634,327.9279402,331.9422162,333.4309993,331.4622706,289.6947655,309.3759347,7.483344663,278.4010877,179.5547247,0.006
Agri_Land_TP,14-11-2018,1221.911639,882.5928778,580.881297,409.1037058,389.5471917,407.1483497,401.5741749,370.8737695,366.4072959,234.7980892,27.6133758,268.6805443,180.3709902,0.005
Agri_Land_TP,17-04-2019,1124.249695,911.1243587,783.480088,591.5074517,529.3237234,456.3562179,470.3093086,420.3000978,430.846323,277.7603225,8.379183973,398.6011745,267.5778158,0.022
Agri_Land_TP,08-05-2019,1138.985612,911.3769784,754.1764988,574.0522782,531.4623501,507.0690647,519.0829736,498.6206235,482.3371703,540.4330935,14.54724221,415.1582734,268.2661871,0.019
Agri_Land_TP,05-06-2019,1192.802632,948.8066802,780.7834008,600.2611336,567.4595142,564.7955466,578.1255061,559.7803644,526.1315789,362.5668016,10.43522267,437.5718623,278.5961538,0.032
Agri_Land_TP,10-07-2019,1107.488029,855.6528545,699.0248619,527.305709,515.7366483,496.2127072,496.8499079,507.9926335,449.3093923,476.0985267,11.66758748,385.7605893,248.378453,0.005
Agri_Land_TP,07-08-2019,1107.308974,820.2846154,625.6666667,461.0307692,443.2064103,461.4064103,425.3863049,467.5051282,371.8141026,385.8615385,10.65897436,348.5846154,203.8141026,0.006
Agri_Land_TP,09-10-2019,1071.575148,762.5147929,540.316568,363.4940828,351.3266272,337.2053254,355.591716,344.7662722,300.6538462,450.5846154,10.76745562,247.7928994,144.1426036,0.011
Agri_Land_TP,06-11-2019,1085.458983,753.6054304,483.3292894,312.3441652,285.8320335,302.2631427,303.8629405,277.6073079,268.288706,174.3817158,10.84878683,218.4812247,141.8134027,0.003
Agri_Land_TP,18-03-2020,1120.907076,855.4528234,662.0539671,477.1379557,446.2258756,413.9060043,417.5407434,412.696569,378.6833452,439.1901358,13.39206576,379.8581129,255.6829878,0.007
Agri_Land_TP,15-04-2020,1115.10756,836.5825459,646.6689828,472.9177321,453.2723735,429.7162312,436.3499166,432.5625347,402.1183991,556.2145636,19.33629794,385.3290717,254.9669261,0.012
Agri_Land_TP,06-05-2020,1131.993832,899.1426369,741.6507325,556.8789514,531.3716268,516.7193524,522.5273709,519.0408635,478.9861218,636.232845,13.37625289,411.7841172,260.5836546,0.015
Agri_Land_TP,08-07-2020,1092.339967,840.5240464,690.9303483,505.6500829,495.1708126,474.6434494,481.8258706,491.8490879,418.3648425,467.6268657,9.328358209,365.5771144,239.5422886,0.013
Agri_Land_TP,05-08-2020,1111.204918,838.1106557,657.4733607,479.3422131,470.6782787,464.6106557,479.75,489.2110656,412.1290984,442.9672131,8.223360656,340.9487705,213.3831967,0.012
Agri_Land_TP,07-10-2020,1617.926415,1299.14717,1014.216981,788.4433962,779.0301887,844.8377358,849.8075472,781.6207547,755.5132075,474.5584906,9.811320755,354.2754717,182.2943396,0.008
Agri_Land_TP,09-12-2020,1181.058618,805.0294079,483.9122697,289.5803947,258.5403947,277.247516,274.7291571,238.4072697,234.0690132,142.3972697,8.518618421,116.7898355,68.01161184,0.003
Agri_Land_TP,14-04-2021,1128.825949,871.3607595,687.085443,501.7490263,475.7816456,446.0275073,453.5547712,440.0464946,421.929406,551.7526777,16.85978578,399.2816456,260.5469815,0.01
Agri_Land_TP,12-05-2021,1116.347899,880.3554622,712.9764706,524.1865546,498.3907563,470.9932773,474.5386555,469.4512605,430.8957983,460.3201681,9.145378151,391.4302521,242.8798319,0.046
Agri_Land_TP,07-07-2021,1150.239255,867.1575931,684.1289398,498.1633238,496.4111748,492.6848138,498.5487106,493.9498567,443.7005731,428.6532951,8.974212034,351.6217765,211.4469914,0.009
Agri_Land_TP,15-09-2021,1262.800327,951.0900164,723.6710311,516.4991817,521.792144,542.2700491,543.7806874,519.7725041,457.0769231,503.5237316,9.653027823,280.1407529,155.507365,0.01
Agri_Land_TP,13-10-2021,1084.949399,781.3517034,569.4468938,373.6673347,363.2324649,340.8687375,344.3401804,347.4473948,301.1713427,383.6603206,7.739478958,240.2965932,134.7800601,0.012
